<?xml version="1.0" encoding="UTF-8"?>
<files>
  <file name="Air Gear OST - 01 - Chain.mp3" source="original">
    <format>VBR MP3</format>
    <length>92.19</length>
    <mtime>1365481314</mtime>
    <size>1475539</size>
    <md5>ef8e18275e4ee7e8d1f9df49905808a2</md5>
    <crc32>d60591d1</crc32>
    <sha1>476e4a530d40ce5cf6c0d924a6add51c569d6f52</sha1>
    <title>OP THEME「Chain」(TV size)</title>
    <external-identifier>urn:acoustid:942e1689-0839-43cf-b2bc-3a35ac6ac637</external-identifier>
    <external-identifier>urn:mb_recording_id:000cd0e4-3da5-49c2-9cda-5a2dba371d1e</external-identifier>
    <height>0</height>
    <width>0</width>
  </file>
  <file name="Air Gear OST - 01 - Chain.mp3_meta.txt" source="original">
    <format>Metadata</format>
    <mtime>1365481315</mtime>
    <size>1191</size>
    <md5>f72e58c2a79562cebb106c2e6fd7acdb</md5>
    <crc32>3150564d</crc32>
    <sha1>c292c2874b31dd8e3fffd6cbd0d1066ddb56feb4</sha1>
  </file>
  <file name="Air Gear OST - 01 - Chain.ogg" source="derivative">
    <format>Ogg Vorbis</format>
    <original>Air Gear OST - 01 - Chain.mp3</original>
    <mtime>1365486015</mtime>
    <size>1088578</size>
    <md5>5bb9aa9d526186f85abbb6c293419b01</md5>
    <crc32>e8d50476</crc32>
    <sha1>d27127a32f96b1c2df50c9454ce1f0d655ee5ef4</sha1>
    <length>92.19</length>
    <height>0</height>
    <width>0</width>
  </file>
  <file name="Air Gear OST - 01 - Chain.png" source="derivative">
    <format>PNG</format>
    <original>Air Gear OST - 01 - Chain.mp3</original>
    <mtime>1415179404</mtime>
    <size>9283</size>
    <md5>7c302cbf6394fd0ae6b5024c6d6f48d6</md5>
    <crc32>159c1bc8</crc32>
    <sha1>c831d49b92beb89ccb610915dcae45f630170e15</sha1>
  </file>
  <file name="Air Gear OST - 02 - Skygrinder.mp3" source="original">
    <format>VBR MP3</format>
    <length>165.33</length>
    <mtime>1365481332</mtime>
    <size>2645581</size>
    <md5>ff79da4b98bcb73c27f0168936b04aa6</md5>
    <crc32>d1cd58f9</crc32>
    <sha1>4489d460f5099eacd06e433356249dd0f82fa727</sha1>
    <title>SKY GRINDER</title>
    <external-identifier>urn:acoustid:c1650575-ad62-49be-bd35-c16e33be6936</external-identifier>
    <external-identifier>urn:mb_recording_id:3f533e1e-7f18-41b3-ad25-20ec498a417f</external-identifier>
    <height>0</height>
    <width>0</width>
  </file>
  <file name="Air Gear OST - 02 - Skygrinder.mp3_meta.txt" source="original">
    <format>Metadata</format>
    <mtime>1365481333</mtime>
    <size>1196</size>
    <md5>48f3bce320636d15df3757d0ea9e9327</md5>
    <crc32>75e6b0c5</crc32>
    <sha1>b4eede25bc210622c5bf567e7b912ddf726df2a8</sha1>
  </file>
  <file name="Air Gear OST - 02 - Skygrinder.ogg" source="derivative">
    <format>Ogg Vorbis</format>
    <original>Air Gear OST - 02 - Skygrinder.mp3</original>
    <mtime>1365485954</mtime>
    <size>1808609</size>
    <md5>6da64fd1c90cc6ade25cd51d8f2ac139</md5>
    <crc32>a976f778</crc32>
    <sha1>bcadf192ff3dea4e554506912b4772ec12af6b87</sha1>
    <length>165.33</length>
    <height>0</height>
    <width>0</width>
  </file>
  <file name="Air Gear OST - 02 - Skygrinder.png" source="derivative">
    <format>PNG</format>
    <original>Air Gear OST - 02 - Skygrinder.mp3</original>
    <mtime>1415179411</mtime>
    <size>9641</size>
    <md5>2a04f099c2148bff678a0e665e41228f</md5>
    <crc32>776bbff2</crc32>
    <sha1>28a310bf44209520436d739e1b49350f5853e10d</sha1>
  </file>
  <file name="Air Gear OST - 03 - Love Sensation.mp3" source="original">
    <format>VBR MP3</format>
    <length>262.09</length>
    <mtime>1365481349</mtime>
    <size>4193702</size>
    <md5>eee6c2aaf5e445ab18dca16bc09f03bf</md5>
    <crc32>a593e5d5</crc32>
    <sha1>b65b85abbbb0b453bcba928caf70a3a5ea3c0eee</sha1>
    <title>LOVE SENSATION</title>
    <external-identifier>urn:acoustid:42844b04-eaef-4266-8544-348b24333683</external-identifier>
    <external-identifier>urn:mb_recording_id:369d25ba-22cc-4a58-abbd-5ff721238782</external-identifier>
    <height>0</height>
    <width>0</width>
  </file>
  <file name="Air Gear OST - 03 - Love Sensation.mp3_meta.txt" source="original">
    <format>Metadata</format>
    <mtime>1365481350</mtime>
    <size>1200</size>
    <md5>6ccf7be2dafc0ce76d6ae24d41dad09a</md5>
    <crc32>4d4ba26a</crc32>
    <sha1>0f44b7506fd2a054c1ac4c83add9d9b21057730c</sha1>
  </file>
  <file name="Air Gear OST - 03 - Love Sensation.ogg" source="derivative">
    <format>Ogg Vorbis</format>
    <original>Air Gear OST - 03 - Love Sensation.mp3</original>
    <mtime>1365485949</mtime>
    <size>3025981</size>
    <md5>2de8cce47772bfb9cde0cb0b6f90fc67</md5>
    <crc32>8da6b972</crc32>
    <sha1>1ae0cdcff26273f65e1722122f624252096cdf36</sha1>
    <length>262.09</length>
    <height>0</height>
    <width>0</width>
  </file>
  <file name="Air Gear OST - 03 - Love Sensation.png" source="derivative">
    <format>PNG</format>
    <original>Air Gear OST - 03 - Love Sensation.mp3</original>
    <mtime>1415179422</mtime>
    <size>9658</size>
    <md5>252f9db39c3e0eb89507a6c1df9617e6</md5>
    <crc32>dea4ca78</crc32>
    <sha1>084a8f4b81b57e4bb55c0ee59d31c6a1a7837924</sha1>
  </file>
  <file name="Air Gear OST - 04 - Tricky Sister Girl.mp3" source="original">
    <format>VBR MP3</format>
    <length>120.45</length>
    <mtime>1365481361</mtime>
    <size>1927523</size>
    <md5>da7e6d3cb48e5d8d7308fc6e9ae4b5da</md5>
    <crc32>5e90d87e</crc32>
    <sha1>f76ad0462ecf3688f72cb9f3bd56d05faaf5dfb3</sha1>
    <title>TIRICKY SISTER GIRL</title>
    <external-identifier>urn:acoustid:95e04aa7-c058-4681-8bcb-2c174e6a4035</external-identifier>
    <external-identifier>urn:mb_recording_id:1a4defe1-a1bb-404b-90fd-7c245aae12f9</external-identifier>
    <height>0</height>
    <width>0</width>
  </file>
  <file name="Air Gear OST - 04 - Tricky Sister Girl.mp3_meta.txt" source="original">
    <format>Metadata</format>
    <mtime>1365481361</mtime>
    <size>1204</size>
    <md5>9fe06dd792562efc9e6170f209e10797</md5>
    <crc32>573911e2</crc32>
    <sha1>fe74bf9302969575b1faaca5c59eb57f4d12d41f</sha1>
  </file>
  <file name="Air Gear OST - 04 - Tricky Sister Girl.ogg" source="derivative">
    <format>Ogg Vorbis</format>
    <original>Air Gear OST - 04 - Tricky Sister Girl.mp3</original>
    <mtime>1365485960</mtime>
    <size>1072453</size>
    <md5>364f6fd0342fc2d7d9b88b90c2e6c9f7</md5>
    <crc32>f22463fa</crc32>
    <sha1>fad223f9b0f79ef993ce821dbbe4460759657e4f</sha1>
    <length>120.45</length>
    <height>0</height>
    <width>0</width>
  </file>
  <file name="Air Gear OST - 04 - Tricky Sister Girl.png" source="derivative">
    <format>PNG</format>
    <original>Air Gear OST - 04 - Tricky Sister Girl.mp3</original>
    <mtime>1415179394</mtime>
    <size>7837</size>
    <md5>41e29f221b5db195592359fa7cb94ce8</md5>
    <crc32>94fbb10e</crc32>
    <sha1>772eb28c187844997e649266b61ee185b0982e46</sha1>
  </file>
  <file name="Air Gear OST - 05 - Do! Trippin%27 Do!.mp3" source="original">
    <format>VBR MP3</format>
    <length>121.42</length>
    <mtime>1365481367</mtime>
    <size>1942992</size>
    <md5>c33df6c2668b5f5734395c52d8fff859</md5>
    <crc32>aa604428</crc32>
    <sha1>7a3b7ea797ae7d27de86d840d7768cfa395969a9</sha1>
    <title>DO!TRIPPIN’DO!</title>
    <external-identifier>urn:acoustid:8f42bb65-8e2c-444e-9ba8-e1d13aeee91d</external-identifier>
    <external-identifier>urn:mb_recording_id:76cecd8f-2534-44de-b609-e3dff9c9fdaa</external-identifier>
    <height>0</height>
    <width>0</width>
  </file>
  <file name="Air Gear OST - 05 - Do! Trippin%27 Do!.mp3_meta.txt" source="original">
    <format>Metadata</format>
    <mtime>1365481368</mtime>
    <size>1202</size>
    <md5>936a338da615bd2450a03b4dc3efad50</md5>
    <crc32>b9e4b6f0</crc32>
    <sha1>54a6951c80c98987293e38a29401472f24ecab3f</sha1>
  </file>
  <file name="Air Gear OST - 05 - Do! Trippin%27 Do!.ogg" source="derivative">
    <format>Ogg Vorbis</format>
    <original>Air Gear OST - 05 - Do! Trippin%27 Do!.mp3</original>
    <mtime>1365485964</mtime>
    <size>1346743</size>
    <md5>318a87820291ade712eed3c6626b41c2</md5>
    <crc32>9561d82a</crc32>
    <sha1>121ddd281281cddeca7d6181b1c694658dbbae91</sha1>
    <length>121.42</length>
    <height>0</height>
    <width>0</width>
  </file>
  <file name="Air Gear OST - 05 - Do! Trippin%27 Do!.png" source="derivative">
    <format>PNG</format>
    <original>Air Gear OST - 05 - Do! Trippin%27 Do!.mp3</original>
    <mtime>1415179398</mtime>
    <size>10662</size>
    <md5>569ebefd1851e216247a8a4790589354</md5>
    <crc32>ef6bfb4a</crc32>
    <sha1>69cf1d47d6f27c33c6bfc6fe8fef432ec79a2a5b</sha1>
  </file>
  <file name="Air Gear OST - 06 - Let Me See You Love.mp3" source="original">
    <format>VBR MP3</format>
    <length>141.19</length>
    <mtime>1365481377</mtime>
    <size>2259387</size>
    <md5>c40e10a174ecb1207da020896be9a2ba</md5>
    <crc32>31f89bf2</crc32>
    <sha1>2e072b78c188ec44b39dff0772c825f6f50cd450</sha1>
    <title>LET ME SEE YOUR LOVE</title>
    <external-identifier>urn:acoustid:509b2cee-a9e6-48a9-943f-c0cb95d37ea9</external-identifier>
    <external-identifier>urn:mb_recording_id:5e39dd3d-b286-4da0-bf6a-73070e9c2055</external-identifier>
    <height>0</height>
    <width>0</width>
  </file>
  <file name="Air Gear OST - 06 - Let Me See You Love.mp3_meta.txt" source="original">
    <format>Metadata</format>
    <mtime>1365481377</mtime>
    <size>1205</size>
    <md5>d7cccaf9220dc43a551860d2d6afb85e</md5>
    <crc32>f360370a</crc32>
    <sha1>327eb2849c2ad7632a8f0dad641aa8df55d0b718</sha1>
  </file>
  <file name="Air Gear OST - 06 - Let Me See You Love.ogg" source="derivative">
    <format>Ogg Vorbis</format>
    <original>Air Gear OST - 06 - Let Me See You Love.mp3</original>
    <mtime>1365485974</mtime>
    <size>1494291</size>
    <md5>d9f3502f5ebc4f7859df15ed19ec6326</md5>
    <crc32>4ab85cb6</crc32>
    <sha1>802a369b310cc0d2286eced0ddf1c3980059bb0b</sha1>
    <length>141.19</length>
    <height>0</height>
    <width>0</width>
  </file>
  <file name="Air Gear OST - 06 - Let Me See You Love.png" source="derivative">
    <format>PNG</format>
    <original>Air Gear OST - 06 - Let Me See You Love.mp3</original>
    <mtime>1415179362</mtime>
    <size>8686</size>
    <md5>aa236c1994e4500b1d3684ceed95c76a</md5>
    <crc32>bb148197</crc32>
    <sha1>65fc748e23687d9af98250f2d0d2d061d2f05633</sha1>
  </file>
  <file name="Air Gear OST - 07 - Snapped.mp3" source="original">
    <format>VBR MP3</format>
    <length>113.08</length>
    <mtime>1365481384</mtime>
    <size>1809663</size>
    <md5>524a9195f2f6f332a9b3dbc503732b64</md5>
    <crc32>b0c29c67</crc32>
    <sha1>32f2b1f1adc416cf4c3ff680d000ed94b4360a5e</sha1>
    <title>SNAPPED</title>
    <external-identifier>urn:acoustid:77621f59-b80c-4eca-8128-fc87317b5f51</external-identifier>
    <external-identifier>urn:mb_recording_id:d524f3fd-7e3e-417d-9626-7705b6430bf9</external-identifier>
    <height>0</height>
    <width>0</width>
  </file>
  <file name="Air Gear OST - 07 - Snapped.mp3_meta.txt" source="original">
    <format>Metadata</format>
    <mtime>1365481384</mtime>
    <size>1193</size>
    <md5>2262265bacc70ee6e3629f1d3f2ed91d</md5>
    <crc32>913cf1ee</crc32>
    <sha1>03fc4ca86570c2769a8c0f05fe8a48edb410d6ad</sha1>
  </file>
  <file name="Air Gear OST - 07 - Snapped.ogg" source="derivative">
    <format>Ogg Vorbis</format>
    <original>Air Gear OST - 07 - Snapped.mp3</original>
    <mtime>1365485977</mtime>
    <size>1116355</size>
    <md5>4aa9d1f54f622e9380492e819236f2d1</md5>
    <crc32>d86842d5</crc32>
    <sha1>5dd8d231db9c6738bc79f2fcb7f426e78e8a7566</sha1>
    <length>113.08</length>
    <height>0</height>
    <width>0</width>
  </file>
  <file name="Air Gear OST - 07 - Snapped.png" source="derivative">
    <format>PNG</format>
    <original>Air Gear OST - 07 - Snapped.mp3</original>
    <mtime>1415179298</mtime>
    <size>8623</size>
    <md5>4488e67ba0c7bedbcf1c0514cd5946ac</md5>
    <crc32>d0a8485d</crc32>
    <sha1>39ec8f1fced920e0b10610d78fcabd3077da1c55</sha1>
  </file>
  <file name="Air Gear OST - 08 - Dawn Of Da Basement.mp3" source="original">
    <format>VBR MP3</format>
    <length>123.9</length>
    <mtime>1365481392</mtime>
    <size>1982698</size>
    <md5>5e25cbce32b440ba26fdd4b6b6761890</md5>
    <crc32>97e31d56</crc32>
    <sha1>7ab0fe72abb473c55fbc3aceb556934aaeb66237</sha1>
    <title>DAWN OF DA BASSMENT</title>
    <external-identifier>urn:acoustid:0002f4e1-2b21-41b7-b71a-b64ef73d8071</external-identifier>
    <external-identifier>urn:mb_recording_id:19ec1df2-39a9-47f5-bc08-4148d897af4c</external-identifier>
    <height>0</height>
    <width>0</width>
  </file>
  <file name="Air Gear OST - 08 - Dawn Of Da Basement.mp3_meta.txt" source="original">
    <format>Metadata</format>
    <mtime>1365481392</mtime>
    <size>1205</size>
    <md5>c3e57950b2d6d0644ea7b684d7e861e5</md5>
    <crc32>41db5e33</crc32>
    <sha1>82de9531d09d80ed858ffa9d15089e5729ce48cb</sha1>
  </file>
  <file name="Air Gear OST - 08 - Dawn Of Da Basement.ogg" source="derivative">
    <format>Ogg Vorbis</format>
    <original>Air Gear OST - 08 - Dawn Of Da Basement.mp3</original>
    <mtime>1365485982</mtime>
    <size>1375573</size>
    <md5>a465c22a4d48adb0cf412c67f455a305</md5>
    <crc32>b77f9431</crc32>
    <sha1>026915d41c469d463dd9b4261e048d0eb1b38199</sha1>
    <length>123.9</length>
    <height>0</height>
    <width>0</width>
  </file>
  <file name="Air Gear OST - 08 - Dawn Of Da Basement.png" source="derivative">
    <format>PNG</format>
    <original>Air Gear OST - 08 - Dawn Of Da Basement.mp3</original>
    <mtime>1415179285</mtime>
    <size>10005</size>
    <md5>2d77c267693f8ff40e61c10d3290b198</md5>
    <crc32>bd239bf0</crc32>
    <sha1>5bab4e14ccd749c7ff9f397654268e0f73fae969</sha1>
  </file>
  <file name="Air Gear OST - 09 - Edgeways.mp3" source="original">
    <format>VBR MP3</format>
    <length>124.84</length>
    <mtime>1365481399</mtime>
    <size>1997744</size>
    <md5>3effdf7513034e8ee07df6b30c0f8884</md5>
    <crc32>6a14b842</crc32>
    <sha1>19d587dc0ccf936690e62c5ffa617fcc796de3b3</sha1>
    <title>EDGEWAYS</title>
    <external-identifier>urn:acoustid:f5e51558-4a0d-4a2e-8cdb-811324c4db11</external-identifier>
    <external-identifier>urn:mb_recording_id:2f3df5cc-66b5-4146-a4d1-cb026e460287</external-identifier>
    <height>0</height>
    <width>0</width>
  </file>
  <file name="Air Gear OST - 09 - Edgeways.mp3_meta.txt" source="original">
    <format>Metadata</format>
    <mtime>1365481400</mtime>
    <size>1194</size>
    <md5>bf22218ef7f8f57b656685fca4985b9c</md5>
    <crc32>80f3e310</crc32>
    <sha1>c164cfcb691a2c310ce64f9e166757ee8f52883a</sha1>
  </file>
  <file name="Air Gear OST - 09 - Edgeways.ogg" source="derivative">
    <format>Ogg Vorbis</format>
    <original>Air Gear OST - 09 - Edgeways.mp3</original>
    <mtime>1365485986</mtime>
    <size>1415078</size>
    <md5>c2f6d84af639f75fd3b45b3e647da1e4</md5>
    <crc32>2b2a2db7</crc32>
    <sha1>b33c6e020fb61d4bad2e650ecd6d70eda8700709</sha1>
    <length>124.84</length>
    <height>0</height>
    <width>0</width>
  </file>
  <file name="Air Gear OST - 09 - Edgeways.png" source="derivative">
    <format>PNG</format>
    <original>Air Gear OST - 09 - Edgeways.mp3</original>
    <mtime>1415179367</mtime>
    <size>11387</size>
    <md5>c3b83aaa985101636028246bdf276fa3</md5>
    <crc32>e467958c</crc32>
    <sha1>b8e613c569d5d6ccdee03f1e6ef141170669c8b0</sha1>
  </file>
  <file name="Air Gear OST - 10 - Dam Da Damn.mp3" source="original">
    <format>VBR MP3</format>
    <length>117.11</length>
    <mtime>1365481408</mtime>
    <size>1874029</size>
    <md5>3d4e9a9b29901c1ee6bb47b1d35db224</md5>
    <crc32>f28c3653</crc32>
    <sha1>711f992a27cb591672c807df90113ce626012cd3</sha1>
    <title>DAM DA DAMN</title>
    <external-identifier>urn:acoustid:11d02a28-2daf-4767-a11f-9156491a0de5</external-identifier>
    <external-identifier>urn:mb_recording_id:c497c343-78de-49d6-a040-7211ace96165</external-identifier>
    <height>0</height>
    <width>0</width>
  </file>
  <file name="Air Gear OST - 10 - Dam Da Damn.mp3_meta.txt" source="original">
    <format>Metadata</format>
    <mtime>1365481408</mtime>
    <size>1197</size>
    <md5>23b13e8bf89203950aee438327c4550a</md5>
    <crc32>3d28989b</crc32>
    <sha1>f657ca7d8df62c6e40708527579480711103b983</sha1>
  </file>
  <file name="Air Gear OST - 10 - Dam Da Damn.ogg" source="derivative">
    <format>Ogg Vorbis</format>
    <original>Air Gear OST - 10 - Dam Da Damn.mp3</original>
    <mtime>1365485990</mtime>
    <size>1368137</size>
    <md5>a5bbee3af09aad78e4a90bc04f737848</md5>
    <crc32>da6b9ab6</crc32>
    <sha1>b61e2767cf24cdadf56c775f3df4875235fc5aa9</sha1>
    <length>117.11</length>
    <height>0</height>
    <width>0</width>
  </file>
  <file name="Air Gear OST - 10 - Dam Da Damn.png" source="derivative">
    <format>PNG</format>
    <original>Air Gear OST - 10 - Dam Da Damn.mp3</original>
    <mtime>1415179303</mtime>
    <size>11618</size>
    <md5>195a0a8435a09cb942204c97ed1e8433</md5>
    <crc32>3c84fe79</crc32>
    <sha1>16e6328a2b5b914e5baf9d43fa21003d28781fa8</sha1>
  </file>
  <file name="Air Gear OST - 11 - NOT Hummin%27 BUT Vibin.mp3" source="original">
    <format>VBR MP3</format>
    <length>130.43</length>
    <mtime>1365481415</mtime>
    <size>2087188</size>
    <md5>65c1db40287710e30c2def856b95ac4f</md5>
    <crc32>b799fe2c</crc32>
    <sha1>052e667fd36892dec536e8557254b1a31fe7ef35</sha1>
    <title>NOT HUMMIN’ BUT VIBIN’</title>
    <external-identifier>urn:acoustid:b1602767-7335-4fb7-b371-291278aee0cf</external-identifier>
    <external-identifier>urn:mb_recording_id:36557d31-0f0c-4816-a165-c6d5604a420a</external-identifier>
    <height>0</height>
    <width>0</width>
  </file>
  <file name="Air Gear OST - 11 - NOT Hummin%27 BUT Vibin.mp3_meta.txt" source="original">
    <format>Metadata</format>
    <mtime>1365481415</mtime>
    <size>1207</size>
    <md5>f458d7ff11acc88c037810cddf27571a</md5>
    <crc32>ffc76a73</crc32>
    <sha1>3cadd06e615ae0aecaa17c2ca95b71ef120d89ad</sha1>
  </file>
  <file name="Air Gear OST - 11 - NOT Hummin%27 BUT Vibin.ogg" source="derivative">
    <format>Ogg Vorbis</format>
    <original>Air Gear OST - 11 - NOT Hummin%27 BUT Vibin.mp3</original>
    <mtime>1365485995</mtime>
    <size>1410897</size>
    <md5>41fb8678682818265ca074c211d73d60</md5>
    <crc32>6379d5f3</crc32>
    <sha1>f8f2437938bd9f7337c6809c1c49f28bbb03db96</sha1>
    <length>130.43</length>
    <height>0</height>
    <width>0</width>
  </file>
  <file name="Air Gear OST - 11 - NOT Hummin%27 BUT Vibin.png" source="derivative">
    <format>PNG</format>
    <original>Air Gear OST - 11 - NOT Hummin%27 BUT Vibin.mp3</original>
    <mtime>1415179308</mtime>
    <size>9831</size>
    <md5>5244a5c92fac1b548e92e16dc86e0693</md5>
    <crc32>6e1a98f0</crc32>
    <sha1>ab374adef5b5c6f241d16d43a71591268b27daad</sha1>
  </file>
  <file name="Air Gear OST - 12 - Rock From Da Bottom.mp3" source="original">
    <format>VBR MP3</format>
    <length>135.44</length>
    <mtime>1365481424</mtime>
    <size>2167436</size>
    <md5>1ae597063a59fb5051c00ebae5ec6ee4</md5>
    <crc32>637554a0</crc32>
    <sha1>dd32ca857bdc73759f27f984d4de2aaaf16f936c</sha1>
    <title>ROCK FROM DA BOTTOM</title>
    <external-identifier>urn:acoustid:44310773-6f42-4b65-9fa0-07d53e8669a2</external-identifier>
    <external-identifier>urn:mb_recording_id:bcce9b01-01b1-4d3a-93a1-51618c53694f</external-identifier>
    <height>0</height>
    <width>0</width>
  </file>
  <file name="Air Gear OST - 12 - Rock From Da Bottom.mp3_meta.txt" source="original">
    <format>Metadata</format>
    <mtime>1365481424</mtime>
    <size>1205</size>
    <md5>7b3bd5ae0c9fbb63d1dd42a56c330b08</md5>
    <crc32>2304ed51</crc32>
    <sha1>fcc3bc40e4f567c340e54455ea1075e2929f1844</sha1>
  </file>
  <file name="Air Gear OST - 12 - Rock From Da Bottom.ogg" source="derivative">
    <format>Ogg Vorbis</format>
    <original>Air Gear OST - 12 - Rock From Da Bottom.mp3</original>
    <mtime>1365485969</mtime>
    <size>1454296</size>
    <md5>797ff825cca012a13a833cbd66c2052c</md5>
    <crc32>982f66c2</crc32>
    <sha1>5d7133fc858b407d54c0365ea7db0e94ad254f79</sha1>
    <length>135.44</length>
    <height>0</height>
    <width>0</width>
  </file>
  <file name="Air Gear OST - 12 - Rock From Da Bottom.png" source="derivative">
    <format>PNG</format>
    <original>Air Gear OST - 12 - Rock From Da Bottom.mp3</original>
    <mtime>1415179355</mtime>
    <size>8522</size>
    <md5>d7e04775a147f1a79405a9b1b49a5500</md5>
    <crc32>d6761156</crc32>
    <sha1>cf2008529b2b60e0553c02318db722444a149355</sha1>
  </file>
  <file name="Air Gear OST - 13 - Mad Babies.mp3" source="original">
    <format>VBR MP3</format>
    <length>121.57</length>
    <mtime>1365481430</mtime>
    <size>1945745</size>
    <md5>9d25d5229559b75ba08b04d94ed77e67</md5>
    <crc32>a72d25fb</crc32>
    <sha1>ad10e07fa12ef4821fabb6ccc61b409f07475df6</sha1>
    <title>MAD BABIES</title>
    <external-identifier>urn:acoustid:cb158cf2-dfcd-42d0-ab00-19d52bce416d</external-identifier>
    <external-identifier>urn:mb_recording_id:80959f33-43b0-4445-91e5-b61107892a41</external-identifier>
    <height>0</height>
    <width>0</width>
  </file>
  <file name="Air Gear OST - 13 - Mad Babies.mp3_meta.txt" source="original">
    <format>Metadata</format>
    <mtime>1365481431</mtime>
    <size>1196</size>
    <md5>3f57ffb1f853222b522d88f0aaddc1ea</md5>
    <crc32>dda793b1</crc32>
    <sha1>6f99c3107b399f0119cb9ba8aab6083ba47fac29</sha1>
  </file>
  <file name="Air Gear OST - 13 - Mad Babies.ogg" source="derivative">
    <format>Ogg Vorbis</format>
    <original>Air Gear OST - 13 - Mad Babies.mp3</original>
    <mtime>1365486000</mtime>
    <size>1076629</size>
    <md5>906f51a6843116e9d02d38b9105706bd</md5>
    <crc32>055a447d</crc32>
    <sha1>0635e01e7db4b4ace439d545ecbb275379cce386</sha1>
    <length>121.57</length>
    <height>0</height>
    <width>0</width>
  </file>
  <file name="Air Gear OST - 13 - Mad Babies.png" source="derivative">
    <format>PNG</format>
    <original>Air Gear OST - 13 - Mad Babies.mp3</original>
    <mtime>1415179388</mtime>
    <size>8146</size>
    <md5>f605ab8bb2d9df7a57575ff674eeb1cf</md5>
    <crc32>1b2a93eb</crc32>
    <sha1>e87820760dc0a5e4dc5ddc226b0fd67fb2f00eae</sha1>
  </file>
  <file name="Air Gear OST - 14 - Put 2 Much.mp3" source="original">
    <format>VBR MP3</format>
    <length>123.22</length>
    <mtime>1365481439</mtime>
    <size>1971831</size>
    <md5>7e66fbbad38f0f7bf7165067314a8639</md5>
    <crc32>fdd658d3</crc32>
    <sha1>1e97353d743cc8f6e4efc14f7c9790c85ba131b0</sha1>
    <title>PUT 2 MUCH</title>
    <external-identifier>urn:acoustid:4b16ef5a-075e-4d2f-824e-546deb52d09e</external-identifier>
    <external-identifier>urn:mb_recording_id:f3a1d8e4-f5fb-4650-8232-e1d44037f10c</external-identifier>
    <height>0</height>
    <width>0</width>
  </file>
  <file name="Air Gear OST - 14 - Put 2 Much.mp3_meta.txt" source="original">
    <format>Metadata</format>
    <mtime>1365481439</mtime>
    <size>1196</size>
    <md5>c3dc5635a05d36e02656dcbab3c4e6f6</md5>
    <crc32>8d5aca43</crc32>
    <sha1>590b2d3d3dd8db96b3f2657ae0e9977308d33cda</sha1>
  </file>
  <file name="Air Gear OST - 14 - Put 2 Much.ogg" source="derivative">
    <format>Ogg Vorbis</format>
    <original>Air Gear OST - 14 - Put 2 Much.mp3</original>
    <mtime>1365486020</mtime>
    <size>1327916</size>
    <md5>d9504576be8311c3dcddd02564d137b4</md5>
    <crc32>e840a91c</crc32>
    <sha1>729940344ee210b3d041ddfe12501592f3948878</sha1>
    <length>123.22</length>
    <height>0</height>
    <width>0</width>
  </file>
  <file name="Air Gear OST - 14 - Put 2 Much.png" source="derivative">
    <format>PNG</format>
    <original>Air Gear OST - 14 - Put 2 Much.mp3</original>
    <mtime>1415179380</mtime>
    <size>9218</size>
    <md5>fea7e463af93f7b93c131ba34e1b0938</md5>
    <crc32>3d2dd3c2</crc32>
    <sha1>d53781ad370ae453a665c1888a9d61ba815c4702</sha1>
  </file>
  <file name="Air Gear OST - 15_16 - His Groovy Trick_Her Groovy Trick (1).mp3" source="original">
    <format>VBR MP3</format>
    <length>12.7</length>
    <mtime>1365481441</mtime>
    <size>203446</size>
    <md5>0ddfcacd9e0cd3919cedc1158ce1fda2</md5>
    <crc32>076bf248</crc32>
    <sha1>f783dc6a6888c2b5fbf4c73e901b028524a2cbfa</sha1>
    <external-identifier>urn:acoustid:unknown</external-identifier>
    <height>0</height>
    <width>0</width>
  </file>
  <file name="Air Gear OST - 15_16 - His Groovy Trick_Her Groovy Trick (1).mp3_meta.txt" source="original">
    <format>Metadata</format>
    <mtime>1365481441</mtime>
    <size>1224</size>
    <md5>0976dd1364315fb1ad9f0e216f131ea7</md5>
    <crc32>f0c6f923</crc32>
    <sha1>baf77b607dca55b7d4284824e6aba073944b013c</sha1>
  </file>
  <file name="Air Gear OST - 15_16 - His Groovy Trick_Her Groovy Trick (1).ogg" source="derivative">
    <format>Ogg Vorbis</format>
    <original>Air Gear OST - 15_16 - His Groovy Trick_Her Groovy Trick (1).mp3</original>
    <mtime>1365486006</mtime>
    <size>144445</size>
    <md5>133d651eb2240dc51b772061cf1a478f</md5>
    <crc32>3792e816</crc32>
    <sha1>1de04e35bd8bf4f22e581172a7ad8efd8be203f0</sha1>
    <length>12.7</length>
    <height>0</height>
    <width>0</width>
  </file>
  <file name="Air Gear OST - 15_16 - His Groovy Trick_Her Groovy Trick (1).png" source="derivative">
    <format>PNG</format>
    <original>Air Gear OST - 15_16 - His Groovy Trick_Her Groovy Trick (1).mp3</original>
    <mtime>1415179369</mtime>
    <size>9994</size>
    <md5>43eb5eb7c2c4f4302f179403de1c701a</md5>
    <crc32>af10cb23</crc32>
    <sha1>a047f700009e1fb0440412034054bbc26573d78f</sha1>
  </file>
  <file name="Air Gear OST - 15_16 - His Groovy Trick_Her Groovy Trick.mp3" source="original">
    <format>VBR MP3</format>
    <length>12.7</length>
    <mtime>1365481443</mtime>
    <size>203446</size>
    <md5>0ddfcacd9e0cd3919cedc1158ce1fda2</md5>
    <crc32>076bf248</crc32>
    <sha1>f783dc6a6888c2b5fbf4c73e901b028524a2cbfa</sha1>
    <external-identifier>urn:acoustid:unknown</external-identifier>
    <height>0</height>
    <width>0</width>
  </file>
  <file name="Air Gear OST - 15_16 - His Groovy Trick_Her Groovy Trick.mp3_meta.txt" source="original">
    <format>Metadata</format>
    <mtime>1365481443</mtime>
    <size>1220</size>
    <md5>94b476377ae718a09354c5a5ee3fa9ee</md5>
    <crc32>7ae6f76b</crc32>
    <sha1>11a2c5cf0e19bec3ab3b7f5c2b8577b34290330f</sha1>
  </file>
  <file name="Air Gear OST - 15_16 - His Groovy Trick_Her Groovy Trick.ogg" source="derivative">
    <format>Ogg Vorbis</format>
    <original>Air Gear OST - 15_16 - His Groovy Trick_Her Groovy Trick.mp3</original>
    <mtime>1365486007</mtime>
    <size>144445</size>
    <md5>a728043531c36f37dff27f4adfcc8e05</md5>
    <crc32>63d60b2b</crc32>
    <sha1>76219d105b50938a39335c417fddb24505984ec7</sha1>
    <length>12.7</length>
    <height>0</height>
    <width>0</width>
  </file>
  <file name="Air Gear OST - 15_16 - His Groovy Trick_Her Groovy Trick.png" source="derivative">
    <format>PNG</format>
    <original>Air Gear OST - 15_16 - His Groovy Trick_Her Groovy Trick.mp3</original>
    <mtime>1415179382</mtime>
    <size>9994</size>
    <md5>1c1e811991c84c17e2a62455384d6e18</md5>
    <crc32>fa7d7c75</crc32>
    <sha1>7c7a2a7c0140d7f7bae89c16ff67c0565c01cd0b</sha1>
  </file>
  <file name="Air Gear OST - 17 - Blind 2 See.mp3" source="original">
    <format>VBR MP3</format>
    <length>140.46</length>
    <mtime>1365481455</mtime>
    <size>2247680</size>
    <md5>8fb75efacb47c13730343639def07f20</md5>
    <crc32>eecbc3d1</crc32>
    <sha1>6602d1aac5c8f9b17e8844102b5207f7d04f4f41</sha1>
    <title>2 BLIND 2 SEE</title>
    <external-identifier>urn:acoustid:7f7f8104-7d63-4f9f-966e-3fe28768c5c3</external-identifier>
    <external-identifier>urn:mb_recording_id:953a5e3c-f513-4fd2-8113-55a7d2039b1b</external-identifier>
    <height>0</height>
    <width>0</width>
  </file>
  <file name="Air Gear OST - 17 - Blind 2 See.mp3_meta.txt" source="original">
    <format>Metadata</format>
    <mtime>1365481456</mtime>
    <size>1197</size>
    <md5>9ba1939423a9374ec5ffe9b72c4f2c3c</md5>
    <crc32>181edfbe</crc32>
    <sha1>ed09184f1345b4ee10426414ec96a966f793af7a</sha1>
  </file>
  <file name="Air Gear OST - 17 - Blind 2 See.ogg" source="derivative">
    <format>Ogg Vorbis</format>
    <original>Air Gear OST - 17 - Blind 2 See.mp3</original>
    <mtime>1365486012</mtime>
    <size>1278074</size>
    <md5>f175254c620626b899350edc3c78fca8</md5>
    <crc32>7369ab27</crc32>
    <sha1>7675ebadebc3289a34eb714e59d88d22a70fec19</sha1>
    <length>140.46</length>
    <height>0</height>
    <width>0</width>
  </file>
  <file name="Air Gear OST - 17 - Blind 2 See.png" source="derivative">
    <format>PNG</format>
    <original>Air Gear OST - 17 - Blind 2 See.mp3</original>
    <mtime>1415179315</mtime>
    <size>8753</size>
    <md5>d7ce1fea7cbca81afdbbd3a83deb3bfe</md5>
    <crc32>a4a7da59</crc32>
    <sha1>78169df6ae54168d310636f8781f1faf7ad1d690</sha1>
  </file>
  <file name="Air Gear OST - 18 - Naturarhythm.mp3" source="original">
    <format>VBR MP3</format>
    <length>125</length>
    <mtime>1365481462</mtime>
    <size>2000248</size>
    <md5>dcb41f32b7afc494fd2f6bb15a22876f</md5>
    <crc32>f8123571</crc32>
    <sha1>aa4014dcbb349e1f99d30714ef020c86b50c8bec</sha1>
    <title>NATURARHYTHM</title>
    <external-identifier>urn:acoustid:eb2f4090-ea53-4250-a818-0ec35d9d0e4f</external-identifier>
    <external-identifier>urn:mb_recording_id:f02d5f8f-8d32-4b7c-b840-31f92c1a6086</external-identifier>
    <height>0</height>
    <width>0</width>
  </file>
  <file name="Air Gear OST - 18 - Naturarhythm.mp3_meta.txt" source="original">
    <format>Metadata</format>
    <mtime>1365481462</mtime>
    <size>1198</size>
    <md5>659be7c22359b97b8c9678152c715f19</md5>
    <crc32>5a83879b</crc32>
    <sha1>66d2e8bf906aaa299d6d504a7d3986d4a1d20b78</sha1>
  </file>
  <file name="Air Gear OST - 18 - Naturarhythm.ogg" source="derivative">
    <format>Ogg Vorbis</format>
    <original>Air Gear OST - 18 - Naturarhythm.mp3</original>
    <mtime>1365486024</mtime>
    <size>1146398</size>
    <md5>9b594de24ec172fcc59331c1289a665d</md5>
    <crc32>d5ca0c65</crc32>
    <sha1>6694f84db23dc3245416a4a075f3ab1b3be3fa8d</sha1>
    <length>125</length>
    <height>0</height>
    <width>0</width>
  </file>
  <file name="Air Gear OST - 18 - Naturarhythm.png" source="derivative">
    <format>PNG</format>
    <original>Air Gear OST - 18 - Naturarhythm.mp3</original>
    <mtime>1415179451</mtime>
    <size>11040</size>
    <md5>015bde520e3855e54b2bd9cebcd6517d</md5>
    <crc32>963c5459</crc32>
    <sha1>a38a2d9571a5adf7e7a48762c3758f2b50593b76</sha1>
  </file>
  <file name="Air Gear OST - 19 - Needin%27 U.mp3" source="original">
    <format>VBR MP3</format>
    <length>124.92</length>
    <mtime>1365481471</mtime>
    <size>1998998</size>
    <md5>c0e4f8ac784403c1cab58045b7646f69</md5>
    <crc32>79a14418</crc32>
    <sha1>637ce22ff976ac7019cb1a75e651ecede14c385d</sha1>
    <title>NEEDIN’ U</title>
    <external-identifier>urn:acoustid:2e6a268f-c87c-4e2c-b038-73215f89f878</external-identifier>
    <external-identifier>urn:mb_recording_id:25457fde-d19a-46a1-8d78-112a0844e194</external-identifier>
    <height>0</height>
    <width>0</width>
  </file>
  <file name="Air Gear OST - 19 - Needin%27 U.mp3_meta.txt" source="original">
    <format>Metadata</format>
    <mtime>1365481471</mtime>
    <size>1195</size>
    <md5>741c85cbd1bc0de7a9718b953340e71c</md5>
    <crc32>e3f4aac0</crc32>
    <sha1>8f4281a6aab6f198ab388d96a75dae5a003ee760</sha1>
  </file>
  <file name="Air Gear OST - 19 - Needin%27 U.ogg" source="derivative">
    <format>Ogg Vorbis</format>
    <original>Air Gear OST - 19 - Needin%27 U.mp3</original>
    <mtime>1365486041</mtime>
    <size>1407037</size>
    <md5>a894d834e674f0c767e026a06194fcd1</md5>
    <crc32>284e531c</crc32>
    <sha1>27100f6426aee1ba96f454912f1dc7b53b313b7c</sha1>
    <length>124.92</length>
    <height>0</height>
    <width>0</width>
  </file>
  <file name="Air Gear OST - 19 - Needin%27 U.png" source="derivative">
    <format>PNG</format>
    <original>Air Gear OST - 19 - Needin%27 U.mp3</original>
    <mtime>1415179446</mtime>
    <size>10699</size>
    <md5>523ab75b2021f9fa0d0793e209d5a2fc</md5>
    <crc32>715507ee</crc32>
    <sha1>8d4cf72b8abc6560806f0b94d542c067061f9e11</sha1>
  </file>
  <file name="Air Gear OST - 20 - Some-Body-Funk.mp3" source="original">
    <format>VBR MP3</format>
    <length>132.7</length>
    <mtime>1365481478</mtime>
    <size>2123550</size>
    <md5>e45f0d2620770668af7413027d3c5795</md5>
    <crc32>a92d5d40</crc32>
    <sha1>390135114d4b8fa49011dfaf3331fbb9ecb03828</sha1>
    <title>SOME-BODY-FUNK</title>
    <external-identifier>urn:acoustid:1c2a376a-2cf0-437b-a806-e5bb41559f9e</external-identifier>
    <external-identifier>urn:mb_recording_id:94f2c71e-c31d-4b9a-971d-a418dbbf5b7c</external-identifier>
    <height>0</height>
    <width>0</width>
  </file>
  <file name="Air Gear OST - 20 - Some-Body-Funk.mp3_meta.txt" source="original">
    <format>Metadata</format>
    <mtime>1365481478</mtime>
    <size>1200</size>
    <md5>a64e69ebc5856613ab744af12232d8cc</md5>
    <crc32>ddd0046e</crc32>
    <sha1>8487901d82e7d09c8c09afdf7d3420c7ea7c08dc</sha1>
  </file>
  <file name="Air Gear OST - 20 - Some-Body-Funk.ogg" source="derivative">
    <format>Ogg Vorbis</format>
    <original>Air Gear OST - 20 - Some-Body-Funk.mp3</original>
    <mtime>1365486005</mtime>
    <size>1479952</size>
    <md5>4254192ab2c2546b62ef3cdd2c4c730e</md5>
    <crc32>62311431</crc32>
    <sha1>df6cd9623c1b59975124b053237c0c51a99b938c</sha1>
    <length>132.7</length>
    <height>0</height>
    <width>0</width>
  </file>
  <file name="Air Gear OST - 20 - Some-Body-Funk.png" source="derivative">
    <format>PNG</format>
    <original>Air Gear OST - 20 - Some-Body-Funk.mp3</original>
    <mtime>1415179460</mtime>
    <size>11024</size>
    <md5>58a25fcbc17b8c6fba7863a46a8c1e9a</md5>
    <crc32>5e5679cb</crc32>
    <sha1>c5dcf45aeb07b2f0d2cab2320ee3f88ded2cd3c4</sha1>
  </file>
  <file name="Air Gear OST - 21 - Busy- Or Dizzy-.mp3" source="original">
    <format>VBR MP3</format>
    <length>127.71</length>
    <mtime>1365481486</mtime>
    <size>2043720</size>
    <md5>513bc8d5efc4f4ed145c66f49d5b4ba4</md5>
    <crc32>d23d8b49</crc32>
    <sha1>55e249818b14a04854becb3320f41fe06a2965bc</sha1>
    <title>BUSY? or DIZZY?</title>
    <external-identifier>urn:acoustid:235aafad-af37-454d-b468-a653a159858b</external-identifier>
    <external-identifier>urn:mb_recording_id:db396526-b1a7-423f-9aff-1bf9c1096b8b</external-identifier>
    <height>0</height>
    <width>0</width>
  </file>
  <file name="Air Gear OST - 21 - Busy- Or Dizzy-.mp3_meta.txt" source="original">
    <format>Metadata</format>
    <mtime>1365481486</mtime>
    <size>1201</size>
    <md5>00fa7c3ee639cff3a582bc6abde4f293</md5>
    <crc32>42fde707</crc32>
    <sha1>e6a599820a9eb1f0685aaa71591a2faa6a537ea5</sha1>
  </file>
  <file name="Air Gear OST - 21 - Busy- Or Dizzy-.ogg" source="derivative">
    <format>Ogg Vorbis</format>
    <original>Air Gear OST - 21 - Busy- Or Dizzy-.mp3</original>
    <mtime>1365486029</mtime>
    <size>1301849</size>
    <md5>3212450157b9f9320a318996c7bd0561</md5>
    <crc32>19bd5b2d</crc32>
    <sha1>622d287899f3451fa27e36a221d2c31e0a72f598</sha1>
    <length>127.71</length>
    <height>0</height>
    <width>0</width>
  </file>
  <file name="Air Gear OST - 21 - Busy- Or Dizzy-.png" source="derivative">
    <format>PNG</format>
    <original>Air Gear OST - 21 - Busy- Or Dizzy-.mp3</original>
    <mtime>1415179513</mtime>
    <size>9513</size>
    <md5>ea9ca461faba31f9abc1b23de0ae6273</md5>
    <crc32>c73c0a06</crc32>
    <sha1>5fa1bd509e31547962c66c27ea1d9b57a3c58378</sha1>
  </file>
  <file name="Air Gear OST - 22 - Have A Ragga Break.mp3" source="original">
    <format>VBR MP3</format>
    <length>99.42</length>
    <mtime>1365481492</mtime>
    <size>1591070</size>
    <md5>f1d50eba2b8e19b0480bf01c7fad0d6c</md5>
    <crc32>2d91999f</crc32>
    <sha1>7128c39c73a5ca5e7108ae9f62efee45d42cb47a</sha1>
    <title>HAVE A RAGGA BREAK</title>
    <external-identifier>urn:acoustid:04025b74-da2d-40c6-846a-db8a2759b9e7</external-identifier>
    <external-identifier>urn:mb_recording_id:53a6513a-fcbb-4a11-8e35-f92d75129edd</external-identifier>
    <height>0</height>
    <width>0</width>
  </file>
  <file name="Air Gear OST - 22 - Have A Ragga Break.mp3_meta.txt" source="original">
    <format>Metadata</format>
    <mtime>1365481493</mtime>
    <size>1204</size>
    <md5>19426fc3682caceb262f84c228a9d9e4</md5>
    <crc32>9306ac51</crc32>
    <sha1>78a3f9bc7950715c2c849bc48a53a4b3e3f32916</sha1>
  </file>
  <file name="Air Gear OST - 22 - Have A Ragga Break.ogg" source="derivative">
    <format>Ogg Vorbis</format>
    <original>Air Gear OST - 22 - Have A Ragga Break.mp3</original>
    <mtime>1365486032</mtime>
    <size>1081426</size>
    <md5>fb62a05b2d1949d78bb9b711783e5d6a</md5>
    <crc32>454490b1</crc32>
    <sha1>e1b8a97cb90520778c0d968d96a483f628dff1ad</sha1>
    <length>99.42</length>
    <height>0</height>
    <width>0</width>
  </file>
  <file name="Air Gear OST - 22 - Have A Ragga Break.png" source="derivative">
    <format>PNG</format>
    <original>Air Gear OST - 22 - Have A Ragga Break.mp3</original>
    <mtime>1415179566</mtime>
    <size>11885</size>
    <md5>92e284d3e62e7dce575933f6462a1239</md5>
    <crc32>e461b790</crc32>
    <sha1>44681440d2befe5e1c31da10714c787e045275f0</sha1>
  </file>
  <file name="Air Gear OST - 23 - Stop Da Pop.mp3" source="original">
    <format>VBR MP3</format>
    <length>116.43</length>
    <mtime>1365481501</mtime>
    <size>1863162</size>
    <md5>19f7ac3a64899e68390264e35b84f5c4</md5>
    <crc32>2fa90362</crc32>
    <sha1>6602a359485a82b1d2ebaeb4e44b214720338a41</sha1>
    <title>STOP DA POP</title>
    <external-identifier>urn:acoustid:95883dd9-ff49-45ba-b039-193898c5697e</external-identifier>
    <external-identifier>urn:mb_recording_id:577d583f-f6b5-46c6-a1ea-86fa2816d54b</external-identifier>
    <height>0</height>
    <width>0</width>
  </file>
  <file name="Air Gear OST - 23 - Stop Da Pop.mp3_meta.txt" source="original">
    <format>Metadata</format>
    <mtime>1365481501</mtime>
    <size>1197</size>
    <md5>16c3d3829e1643e240e402597d7b2cc1</md5>
    <crc32>a774b141</crc32>
    <sha1>e92f29d6f74caaf15cd3b7ec709fb0923fcad3a1</sha1>
  </file>
  <file name="Air Gear OST - 23 - Stop Da Pop.ogg" source="derivative">
    <format>Ogg Vorbis</format>
    <original>Air Gear OST - 23 - Stop Da Pop.mp3</original>
    <mtime>1365486037</mtime>
    <size>1400913</size>
    <md5>550dba42cb9b6d149e51ac55958b26ce</md5>
    <crc32>30172ac4</crc32>
    <sha1>f2010f6d7f29aced405a0f9d775db2dd997077e0</sha1>
    <length>116.43</length>
    <height>0</height>
    <width>0</width>
  </file>
  <file name="Air Gear OST - 23 - Stop Da Pop.png" source="derivative">
    <format>PNG</format>
    <original>Air Gear OST - 23 - Stop Da Pop.mp3</original>
    <mtime>1415179519</mtime>
    <size>11935</size>
    <md5>3c72d815b85724f3e3141b8417c3f7cc</md5>
    <crc32>be511dbb</crc32>
    <sha1>323b3bf7edacc8e5ee3dd9d0e164c67a51e760fa</sha1>
  </file>
  <file name="Air Gear OST - 24 - Strutter%27s Cruise.mp3" source="original">
    <format>VBR MP3</format>
    <length>168.86</length>
    <mtime>1365481509</mtime>
    <size>2702006</size>
    <md5>5a4acf8a79a9871dd8fe6bf72f937522</md5>
    <crc32>dc57cc6f</crc32>
    <sha1>cd0b3d1ab42ab8665cc3bd113ad7ff8b52c2db78</sha1>
    <title>STRUTTER’S CRUISE</title>
    <external-identifier>urn:acoustid:60a31a55-76cf-4635-bd50-3802737c9315</external-identifier>
    <external-identifier>urn:mb_recording_id:f5c8f426-1ec1-421d-8085-037a611efb08</external-identifier>
    <height>0</height>
    <width>0</width>
  </file>
  <file name="Air Gear OST - 24 - Strutter%27s Cruise.mp3_meta.txt" source="original">
    <format>Metadata</format>
    <mtime>1365481510</mtime>
    <size>1203</size>
    <md5>c44ed825f7114b9b094cd47a0d053857</md5>
    <crc32>0dd30d40</crc32>
    <sha1>c8d9d405d38cb2a9ba0b4ffc071d7c75030765f3</sha1>
  </file>
  <file name="Air Gear OST - 24 - Strutter%27s Cruise.ogg" source="derivative">
    <format>Ogg Vorbis</format>
    <original>Air Gear OST - 24 - Strutter%27s Cruise.mp3</original>
    <mtime>1365486048</mtime>
    <size>1817674</size>
    <md5>4612e7e682be63ff573a70f388a79f46</md5>
    <crc32>5441d11d</crc32>
    <sha1>65849408d047efb563b9abf86e603b9304c0f9cf</sha1>
    <length>168.86</length>
    <height>0</height>
    <width>0</width>
  </file>
  <file name="Air Gear OST - 24 - Strutter%27s Cruise.png" source="derivative">
    <format>PNG</format>
    <original>Air Gear OST - 24 - Strutter%27s Cruise.mp3</original>
    <mtime>1415179291</mtime>
    <size>9190</size>
    <md5>49fa0729416ee0f0b06f3f76a5570515</md5>
    <crc32>48718b5d</crc32>
    <sha1>058fce3ea2176dc52302191e1d19dd70b7dac254</sha1>
  </file>
  <file name="Air Gear OST - 25 - Overkooled.mp3" source="original">
    <format>VBR MP3</format>
    <length>168.83</length>
    <mtime>1365481520</mtime>
    <size>2701588</size>
    <md5>060ce47e2961100af543f3a9e14a1515</md5>
    <crc32>46a63a50</crc32>
    <sha1>0177f0c1a42079a775b607c4af1ed8da45725ef8</sha1>
    <title>OVERKOOLED</title>
    <external-identifier>urn:acoustid:4a5173a8-5fff-4712-ba4c-3a24d954ce37</external-identifier>
    <external-identifier>urn:mb_recording_id:9ad411e8-0e6c-4786-87a8-03369d5f4e80</external-identifier>
    <height>0</height>
    <width>0</width>
  </file>
  <file name="Air Gear OST - 25 - Overkooled.mp3_meta.txt" source="original">
    <format>Metadata</format>
    <mtime>1365481520</mtime>
    <size>1196</size>
    <md5>46dc7f9651215b17aae0ce94a3a3ff31</md5>
    <crc32>6295335f</crc32>
    <sha1>026918af88ef9f313122711eb60840c956b3f6a8</sha1>
  </file>
  <file name="Air Gear OST - 25 - Overkooled.ogg" source="derivative">
    <format>Ogg Vorbis</format>
    <original>Air Gear OST - 25 - Overkooled.mp3</original>
    <mtime>1365486054</mtime>
    <size>1793009</size>
    <md5>5438eabe40c21dd6a9132d62d500bfb3</md5>
    <crc32>a5090207</crc32>
    <sha1>42ba83fa03920a6e38c0392c4f842648a35451cd</sha1>
    <length>168.83</length>
    <height>0</height>
    <width>0</width>
  </file>
  <file name="Air Gear OST - 25 - Overkooled.png" source="derivative">
    <format>PNG</format>
    <original>Air Gear OST - 25 - Overkooled.mp3</original>
    <mtime>1415179439</mtime>
    <size>10369</size>
    <md5>03e3ddab075e433c03434f8a8b645a84</md5>
    <crc32>f00734a1</crc32>
    <sha1>9decf47862118eedc8c35616b0e3bc969213a69c</sha1>
  </file>
  <file name="Air Gear OST - 26 - Vertigo High.mp3" source="original">
    <format>VBR MP3</format>
    <length>145.58</length>
    <mtime>1365481528</mtime>
    <size>2329849</size>
    <md5>e9c08ff0c1f72d09f3e751e3c7af43c1</md5>
    <crc32>7a36b403</crc32>
    <sha1>ba8990d7cb3ef7d6a6c90c4d5956543335e9ff5e</sha1>
    <title>VERTIGO HIGH</title>
    <external-identifier>urn:acoustid:f0ddc174-9198-4686-990d-b5d6124ab61b</external-identifier>
    <external-identifier>urn:mb_recording_id:f983c9d4-0709-4ab4-9253-52642cc834c5</external-identifier>
    <height>0</height>
    <width>0</width>
  </file>
  <file name="Air Gear OST - 26 - Vertigo High.mp3_meta.txt" source="original">
    <format>Metadata</format>
    <mtime>1365481529</mtime>
    <size>1198</size>
    <md5>f4f8315860085e985a3093c9dbafb332</md5>
    <crc32>2d647add</crc32>
    <sha1>b6b9158414c3b2b304646b48b99d25866f49a313</sha1>
  </file>
  <file name="Air Gear OST - 26 - Vertigo High.ogg" source="derivative">
    <format>Ogg Vorbis</format>
    <original>Air Gear OST - 26 - Vertigo High.mp3</original>
    <mtime>1365486059</mtime>
    <size>1214457</size>
    <md5>62c27300cc53ba004df6b0216ce45544</md5>
    <crc32>1b594f24</crc32>
    <sha1>388a11d908b9d878c0f0a1cf10d828b19c5bb596</sha1>
    <length>145.58</length>
    <height>0</height>
    <width>0</width>
  </file>
  <file name="Air Gear OST - 26 - Vertigo High.png" source="derivative">
    <format>PNG</format>
    <original>Air Gear OST - 26 - Vertigo High.mp3</original>
    <mtime>1415179465</mtime>
    <size>11601</size>
    <md5>df68a912ea60712adafca66e69e5eb39</md5>
    <crc32>faebda32</crc32>
    <sha1>fdfe4180d37c00b0be9dc317cb49bc2075858dc8</sha1>
  </file>
  <file name="Air Gear OST - 27 - Betrayal 303.mp3" source="original">
    <format>VBR MP3</format>
    <length>113.06</length>
    <mtime>1365481534</mtime>
    <size>1809245</size>
    <md5>11ac738e7ae25c2bb24d582fcc99a0ca</md5>
    <crc32>9ce0bd86</crc32>
    <sha1>d15a68ceb6233df1a2202d543128725fbb03dc04</sha1>
    <title>BETRAYAL 303</title>
    <external-identifier>urn:acoustid:acafaaf7-26ee-4ef5-998a-079159145dc9</external-identifier>
    <external-identifier>urn:mb_recording_id:afbadf58-744c-4a92-ac9e-00f7ebdb0d02</external-identifier>
    <height>0</height>
    <width>0</width>
  </file>
  <file name="Air Gear OST - 27 - Betrayal 303.mp3_meta.txt" source="original">
    <format>Metadata</format>
    <mtime>1365481535</mtime>
    <size>1198</size>
    <md5>dc32b97a54465ae0bd10c64db2168f4e</md5>
    <crc32>3ab6f264</crc32>
    <sha1>91354e0cbf3b7577bbd7405c79f6da43b8eaf246</sha1>
  </file>
  <file name="Air Gear OST - 27 - Betrayal 303.ogg" source="derivative">
    <format>Ogg Vorbis</format>
    <original>Air Gear OST - 27 - Betrayal 303.mp3</original>
    <mtime>1365486063</mtime>
    <size>1270660</size>
    <md5>5799c29c49fa72895ee34ccf16ef63bf</md5>
    <crc32>9f662c71</crc32>
    <sha1>3259dad09c5455d4a8cbc8adbcb6eb7059f8c040</sha1>
    <length>113.06</length>
    <height>0</height>
    <width>0</width>
  </file>
  <file name="Air Gear OST - 27 - Betrayal 303.png" source="derivative">
    <format>PNG</format>
    <original>Air Gear OST - 27 - Betrayal 303.mp3</original>
    <mtime>1415179481</mtime>
    <size>10410</size>
    <md5>23129eb4e8b35ea142f06f0aa4d349be</md5>
    <crc32>b33d89f3</crc32>
    <sha1>30cd8a1af62485618b79f33905f3d1475fe71329</sha1>
  </file>
  <file name="Air Gear OST - 28 - Uneasiness Of Funkness.mp3" source="original">
    <format>VBR MP3</format>
    <length>136.15</length>
    <mtime>1365481541</mtime>
    <size>2178967</size>
    <md5>96379c9438ec0bae1688eeacc99d3bf9</md5>
    <crc32>446aad5b</crc32>
    <sha1>2afc93daf8f48cd25cc6681b1caf74ce6dd596d5</sha1>
    <title>UNEASINESS OF FUNKNESS</title>
    <external-identifier>urn:acoustid:35679cff-b202-4c9d-a659-bc179a31b481</external-identifier>
    <external-identifier>urn:mb_recording_id:e4782879-4b10-4546-b435-41f217119f8a</external-identifier>
    <height>0</height>
    <width>0</width>
  </file>
  <file name="Air Gear OST - 28 - Uneasiness Of Funkness.mp3_meta.txt" source="original">
    <format>Metadata</format>
    <mtime>1365481542</mtime>
    <size>1208</size>
    <md5>14942250f01e3df1da799877ff6d9414</md5>
    <crc32>53dbf3f5</crc32>
    <sha1>c820dc05ed87634926cb512cbea0ed2189d647ee</sha1>
  </file>
  <file name="Air Gear OST - 28 - Uneasiness Of Funkness.ogg" source="derivative">
    <format>Ogg Vorbis</format>
    <original>Air Gear OST - 28 - Uneasiness Of Funkness.mp3</original>
    <mtime>1365486068</mtime>
    <size>1479814</size>
    <md5>677cb1009334a4e1900ffdf5647e30d3</md5>
    <crc32>b616dce8</crc32>
    <sha1>2d3727bd93178135a4f28b8d97186e1fd5f601df</sha1>
    <length>136.15</length>
    <height>0</height>
    <width>0</width>
  </file>
  <file name="Air Gear OST - 28 - Uneasiness Of Funkness.png" source="derivative">
    <format>PNG</format>
    <original>Air Gear OST - 28 - Uneasiness Of Funkness.mp3</original>
    <mtime>1415179593</mtime>
    <size>11571</size>
    <md5>0627b16b44720366173ec7e1ed7f26b4</md5>
    <crc32>43471d9a</crc32>
    <sha1>fe9ab950256f844a00f9f8666916807dcee2632b</sha1>
  </file>
  <file name="Air Gear OST - 29 - Master Buster.mp3" source="original">
    <format>VBR MP3</format>
    <length>147.57</length>
    <mtime>1365481550</mtime>
    <size>2361369</size>
    <md5>ab9d0ed7dfc8d5a6b44d0c8e7a7ce459</md5>
    <crc32>1fd52bb3</crc32>
    <sha1>bd8943818b95e1a0c9a7ff7682a1474de499beea</sha1>
    <title>MASTER BUSTER</title>
    <external-identifier>urn:acoustid:c3ba23e2-d273-45eb-b232-c4982a2bb8f6</external-identifier>
    <external-identifier>urn:mb_recording_id:1911f7ec-314d-46f6-88a5-ced95cbad9f2</external-identifier>
    <height>0</height>
    <width>0</width>
  </file>
  <file name="Air Gear OST - 29 - Master Buster.mp3_meta.txt" source="original">
    <format>Metadata</format>
    <mtime>1365481551</mtime>
    <size>1199</size>
    <md5>018a8dd4a85802772e9d45db7191496e</md5>
    <crc32>78d1e513</crc32>
    <sha1>9a035e3e9805aa6ced26de2dfd74d98d7d5901a0</sha1>
  </file>
  <file name="Air Gear OST - 29 - Master Buster.ogg" source="derivative">
    <format>Ogg Vorbis</format>
    <original>Air Gear OST - 29 - Master Buster.mp3</original>
    <mtime>1365486073</mtime>
    <size>1619968</size>
    <md5>295bc9f2afa374b990e10a4e00a63562</md5>
    <crc32>a3ea560a</crc32>
    <sha1>545718afe4239bd2b67d87ee8709097a97c30f99</sha1>
    <length>147.57</length>
    <height>0</height>
    <width>0</width>
  </file>
  <file name="Air Gear OST - 29 - Master Buster.png" source="derivative">
    <format>PNG</format>
    <original>Air Gear OST - 29 - Master Buster.mp3</original>
    <mtime>1415179488</mtime>
    <size>9176</size>
    <md5>1cae6c37ff53dafd1e864c57edeb4b18</md5>
    <crc32>a7b6cb43</crc32>
    <sha1>03095d0e247ab3f755fcb30a1e9184a97166e33c</sha1>
  </file>
  <file name="Air Gear OST - 30 - Anthem 4 Pipe Dreams.mp3" source="original">
    <format>VBR MP3</format>
    <length>231.6</length>
    <mtime>1365481563</mtime>
    <size>3706189</size>
    <md5>778c47743bc90c81fb03db47bd4c9c53</md5>
    <crc32>f58c4f7a</crc32>
    <sha1>209fac59d4af31c85d69fcea79ed0885ade7d74b</sha1>
    <title>ANTHEM 4 PIPE DREAMS</title>
    <external-identifier>urn:acoustid:0efd8c37-dd5a-43ae-8dc0-a5e21b71a963</external-identifier>
    <external-identifier>urn:mb_recording_id:26abcb12-aca7-4dc5-8680-17b4d74a225a</external-identifier>
    <height>0</height>
    <width>0</width>
  </file>
  <file name="Air Gear OST - 30 - Anthem 4 Pipe Dreams.mp3_meta.txt" source="original">
    <format>Metadata</format>
    <mtime>1365481563</mtime>
    <size>1206</size>
    <md5>eff8d10f85b7af74cbc87e2518cc84ee</md5>
    <crc32>02131973</crc32>
    <sha1>28a3ea9a9f6e71fd2820c9e8c9b70f9d318a1bb1</sha1>
  </file>
  <file name="Air Gear OST - 30 - Anthem 4 Pipe Dreams.ogg" source="derivative">
    <format>Ogg Vorbis</format>
    <original>Air Gear OST - 30 - Anthem 4 Pipe Dreams.mp3</original>
    <mtime>1365486080</mtime>
    <size>2009626</size>
    <md5>d3649bc8c4066fcecb9c53f63c520eca</md5>
    <crc32>19f2f74b</crc32>
    <sha1>b24622f8f179c31def581809622c64a70e317533</sha1>
    <length>231.6</length>
    <height>0</height>
    <width>0</width>
  </file>
  <file name="Air Gear OST - 30 - Anthem 4 Pipe Dreams.png" source="derivative">
    <format>PNG</format>
    <original>Air Gear OST - 30 - Anthem 4 Pipe Dreams.mp3</original>
    <mtime>1415179497</mtime>
    <size>8568</size>
    <md5>d8d0316b0e4d85e32710e1ccd9dc28cd</md5>
    <crc32>119d54de</crc32>
    <sha1>20311a6f635977b730855723675eab61cb3e88a0</sha1>
  </file>
  <file name="Air Gear OST - 31 - Mr. Shine.mp3" source="original">
    <format>VBR MP3</format>
    <length>148.32</length>
    <mtime>1365481572</mtime>
    <size>2373486</size>
    <md5>e825d1ebd8230d119f61491c5417deea</md5>
    <crc32>7865f481</crc32>
    <sha1>5929efa45fd9a30ef9113f5ceff746bb54bb9fde</sha1>
    <title>Mr.SHINE</title>
    <external-identifier>urn:acoustid:0694fd62-d086-4483-950f-d877448bcb05</external-identifier>
    <external-identifier>urn:mb_recording_id:0b20ea28-4f93-4b4d-b29c-b0caa3216db5</external-identifier>
    <height>0</height>
    <width>0</width>
  </file>
  <file name="Air Gear OST - 31 - Mr. Shine.mp3_meta.txt" source="original">
    <format>Metadata</format>
    <mtime>1365481572</mtime>
    <size>1195</size>
    <md5>f16421cbd997585ce1ff63a0be6bcf0e</md5>
    <crc32>6dce5f4f</crc32>
    <sha1>6cd0269dc6105e51d223fe7402665dba14320683</sha1>
  </file>
  <file name="Air Gear OST - 31 - Mr. Shine.ogg" source="derivative">
    <format>Ogg Vorbis</format>
    <original>Air Gear OST - 31 - Mr. Shine.mp3</original>
    <mtime>1365486085</mtime>
    <size>1341267</size>
    <md5>a97ae5a99ce9f452f05dd922d1c25b55</md5>
    <crc32>14e436e4</crc32>
    <sha1>b6d5de9258a633326d0353bc428f61e851272965</sha1>
    <length>148.32</length>
    <height>0</height>
    <width>0</width>
  </file>
  <file name="Air Gear OST - 31 - Mr. Shine.png" source="derivative">
    <format>PNG</format>
    <original>Air Gear OST - 31 - Mr. Shine.mp3</original>
    <mtime>1415179474</mtime>
    <size>9321</size>
    <md5>769bba65c914e9986ae96088043f9a2b</md5>
    <crc32>03d0d287</crc32>
    <sha1>dbc3ad3c6707949fce38bf56d58ce3630522b506</sha1>
  </file>
  <file name="Air Gear OST - 32 - Fly Da Mission.mp3" source="original">
    <format>VBR MP3</format>
    <length>124.4</length>
    <mtime>1365481581</mtime>
    <size>1990639</size>
    <md5>dc7958dae6bf025db6054c84b99a58fe</md5>
    <crc32>414e1c23</crc32>
    <sha1>ec4156013bb2ed5e24bdcac27eb0d55dbc57d182</sha1>
    <title>FLY DA MISSION</title>
    <external-identifier>urn:acoustid:edd5bede-c43d-49b3-a725-9d525bd5c6e6</external-identifier>
    <external-identifier>urn:mb_recording_id:73a6a1e4-e72e-4fc0-b1a2-69c31a56f396</external-identifier>
    <height>0</height>
    <width>0</width>
  </file>
  <file name="Air Gear OST - 32 - Fly Da Mission.mp3_meta.txt" source="original">
    <format>Metadata</format>
    <mtime>1365481581</mtime>
    <size>1200</size>
    <md5>c3bac383c64c0f1f6e061e06d8b531b9</md5>
    <crc32>ba72ffb4</crc32>
    <sha1>8d39789e28433bc894ecb09ed646c7e3be8f5263</sha1>
  </file>
  <file name="Air Gear OST - 32 - Fly Da Mission.ogg" source="derivative">
    <format>Ogg Vorbis</format>
    <original>Air Gear OST - 32 - Fly Da Mission.mp3</original>
    <mtime>1365486090</mtime>
    <size>1422803</size>
    <md5>ae5112d731039e6372b91ea4e6530354</md5>
    <crc32>460a0a7a</crc32>
    <sha1>5149a728a0a343e36e99cdb63df3eff5705041c4</sha1>
    <length>124.4</length>
    <height>0</height>
    <width>0</width>
  </file>
  <file name="Air Gear OST - 32 - Fly Da Mission.png" source="derivative">
    <format>PNG</format>
    <original>Air Gear OST - 32 - Fly Da Mission.mp3</original>
    <mtime>1415179503</mtime>
    <size>10355</size>
    <md5>49a7b5a59611358842b20dae61f02bdc</md5>
    <crc32>c11f6288</crc32>
    <sha1>9581720b2d18105f82f4575e721918c462693f09</sha1>
  </file>
  <file name="Air Gear OST - 33 - Here Comes Da Sun Road.mp3" source="original">
    <format>VBR MP3</format>
    <length>184.35</length>
    <mtime>1365481590</mtime>
    <size>2949855</size>
    <md5>fb3c5b7d9ca465bba6c4f0288015a9ff</md5>
    <crc32>cc392c36</crc32>
    <sha1>c2feeca864fb7abe5a4ea5e9ea82a7b5474160d7</sha1>
    <title>HERE COMES DA SUN ROAD</title>
    <external-identifier>urn:acoustid:dd0d11db-16fb-446c-bad7-d8ff47639321</external-identifier>
    <external-identifier>urn:mb_recording_id:f005cb73-a03a-424c-aba0-ec41740db1c4</external-identifier>
    <height>0</height>
    <width>0</width>
  </file>
  <file name="Air Gear OST - 33 - Here Comes Da Sun Road.mp3_meta.txt" source="original">
    <format>Metadata</format>
    <mtime>1365481591</mtime>
    <size>1208</size>
    <md5>4af80db31da2c83f59f1212dd2a00ade</md5>
    <crc32>dbdf5a2d</crc32>
    <sha1>d11ef42536ebf3b14cd5343e714a12e9365268cd</sha1>
  </file>
  <file name="Air Gear OST - 33 - Here Comes Da Sun Road.ogg" source="derivative">
    <format>Ogg Vorbis</format>
    <original>Air Gear OST - 33 - Here Comes Da Sun Road.mp3</original>
    <mtime>1365486164</mtime>
    <size>2024932</size>
    <md5>a8f96da51dbc36744d3b2fe1684850f5</md5>
    <crc32>d23ef058</crc32>
    <sha1>27787f003b37d26621b82137241bd7ffb35c360c</sha1>
    <length>184.35</length>
    <height>0</height>
    <width>0</width>
  </file>
  <file name="Air Gear OST - 33 - Here Comes Da Sun Road.png" source="derivative">
    <format>PNG</format>
    <original>Air Gear OST - 33 - Here Comes Da Sun Road.mp3</original>
    <mtime>1415179576</mtime>
    <size>8198</size>
    <md5>e38c96124fac1fb615b8a84b6f72bbe7</md5>
    <crc32>a835528e</crc32>
    <sha1>f7a8d345d57844827f960d8d0a48e00d94bb8933</sha1>
  </file>
  <file name="Air Gear OST - 34 - Sky-2-High.mp3" source="original">
    <format>VBR MP3</format>
    <length>90.8</length>
    <mtime>1365481596</mtime>
    <size>1453144</size>
    <md5>2aec99d86af263a1e37ff59e3cfb6601</md5>
    <crc32>7ac6f310</crc32>
    <sha1>fdd0ab2fa4f8bcb60bca5509b80012b79d1b369c</sha1>
    <title>ED THEME「SKY-2-HIGH」</title>
    <external-identifier>urn:acoustid:fae96b4a-b5f3-4c51-951c-0c64fc09f964</external-identifier>
    <external-identifier>urn:mb_recording_id:67ba050f-9482-4066-8c55-d593bfcc0650</external-identifier>
    <height>0</height>
    <width>0</width>
  </file>
  <file name="Air Gear OST - 34 - Sky-2-High.mp3_meta.txt" source="original">
    <format>Metadata</format>
    <mtime>1365481596</mtime>
    <size>1196</size>
    <md5>0fb25d4096dd1779d77016cdd9587d02</md5>
    <crc32>91060c74</crc32>
    <sha1>5b9577d0ea397698fa9c6bb90be9432f189e8f1b</sha1>
  </file>
  <file name="Air Gear OST - 34 - Sky-2-High.ogg" source="derivative">
    <format>Ogg Vorbis</format>
    <original>Air Gear OST - 34 - Sky-2-High.mp3</original>
    <mtime>1365486093</mtime>
    <size>981051</size>
    <md5>c0027fafb861080fc65fad92d4211f43</md5>
    <crc32>779bde33</crc32>
    <sha1>937e7ae96e2046bdd3fd3a45b16c5fe9f978a345</sha1>
    <length>90.8</length>
    <height>0</height>
    <width>0</width>
  </file>
  <file name="Air Gear OST - 34 - Sky-2-High.png" source="derivative">
    <format>PNG</format>
    <original>Air Gear OST - 34 - Sky-2-High.mp3</original>
    <mtime>1415179581</mtime>
    <size>9772</size>
    <md5>415031667384ab74879cdfba755fb81b</md5>
    <crc32>36703356</crc32>
    <sha1>7471db58da8fe2cbc6e5ac0ea1e4f2e11aa0ca2f</sha1>
  </file>
  <file name="Air Gear OST II - 01 - Rockin%27 8 Glider mix.mp3" source="original">
    <format>VBR MP3</format>
    <length>142.13</length>
    <mtime>1365481604</mtime>
    <size>2274429</size>
    <md5>b11c878e64374b294da392330cc2a1ee</md5>
    <crc32>66698fe0</crc32>
    <sha1>8b5b504854451f1b0065690d2ec3b7c5cd2156aa</sha1>
    <title>CHAIN [ROCKIN' 8 GLIDER MIX]</title>
    <external-identifier>urn:acoustid:d8e486bb-965d-4e5a-82ae-1fa9f7a61488</external-identifier>
    <external-identifier>urn:mb_recording_id:f06090cb-48b4-4bd8-a0f1-7b02b361ec51</external-identifier>
    <height>0</height>
    <width>0</width>
  </file>
  <file name="Air Gear OST II - 01 - Rockin%27 8 Glider mix.mp3_meta.txt" source="original">
    <format>Metadata</format>
    <mtime>1365481605</mtime>
    <size>1209</size>
    <md5>64a1f5fc2e2e190fb1a37dcc92a9bf26</md5>
    <crc32>a90bf663</crc32>
    <sha1>ba9bfa37a888d4a38ef1d479b402f0dd133647f8</sha1>
  </file>
  <file name="Air Gear OST II - 01 - Rockin%27 8 Glider mix.ogg" source="derivative">
    <format>Ogg Vorbis</format>
    <original>Air Gear OST II - 01 - Rockin%27 8 Glider mix.mp3</original>
    <mtime>1365486098</mtime>
    <size>1269887</size>
    <md5>512abd13e7be69329b97def661df41a1</md5>
    <crc32>9df0c96d</crc32>
    <sha1>cbc76a337aa9697220833c85fb9006770a83d44e</sha1>
    <length>142.13</length>
    <height>0</height>
    <width>0</width>
  </file>
  <file name="Air Gear OST II - 01 - Rockin%27 8 Glider mix.png" source="derivative">
    <format>PNG</format>
    <original>Air Gear OST II - 01 - Rockin%27 8 Glider mix.mp3</original>
    <mtime>1415179326</mtime>
    <size>6798</size>
    <md5>37bc56df28b8e4a938e2897f0b86eb49</md5>
    <crc32>74963799</crc32>
    <sha1>9b520a1b3af67ee2d009426bac0f3d91aaf8b444</sha1>
  </file>
  <file name="Air Gear OST II - 02 - Massiveness.mp3" source="original">
    <format>VBR MP3</format>
    <length>153.78</length>
    <mtime>1365481615</mtime>
    <size>2460843</size>
    <md5>84b1def07c08d2c41f0736b6e3fe7729</md5>
    <crc32>cb2dd55e</crc32>
    <sha1>98e9b73ebe8ebce73140d9de0b48b22f0c44f5ef</sha1>
    <title>MASSIVENESS</title>
    <external-identifier>urn:acoustid:2e7a951e-eb14-4224-b2e9-271501042cb6</external-identifier>
    <external-identifier>urn:mb_recording_id:5eda88d8-3f82-4bfb-8368-39fcffb5fe0a</external-identifier>
    <height>0</height>
    <width>0</width>
  </file>
  <file name="Air Gear OST II - 02 - Massiveness.mp3_meta.txt" source="original">
    <format>Metadata</format>
    <mtime>1365481615</mtime>
    <size>1200</size>
    <md5>b2fce5e39639b51de942af311ca6575f</md5>
    <crc32>5cea2cc3</crc32>
    <sha1>1b0ccf95553e1fbc7637123dd9f2f14873e0b521</sha1>
  </file>
  <file name="Air Gear OST II - 02 - Massiveness.ogg" source="derivative">
    <format>Ogg Vorbis</format>
    <original>Air Gear OST II - 02 - Massiveness.mp3</original>
    <mtime>1365486104</mtime>
    <size>1508836</size>
    <md5>97e4fb381d47aac16be9bec2022ff7bf</md5>
    <crc32>2d828a7b</crc32>
    <sha1>dea236e3e5df8ea8c76f1a6308c2222ca8681ec0</sha1>
    <length>153.78</length>
    <height>0</height>
    <width>0</width>
  </file>
  <file name="Air Gear OST II - 02 - Massiveness.png" source="derivative">
    <format>PNG</format>
    <original>Air Gear OST II - 02 - Massiveness.mp3</original>
    <mtime>1415179429</mtime>
    <size>12115</size>
    <md5>4061fcd7e4e5cbb216c005f3d92ea2ef</md5>
    <crc32>cef94f79</crc32>
    <sha1>2d75caaafb5e4f747fa41938c971a9416f07208b</sha1>
  </file>
  <file name="Air Gear OST II - 03 - Chain [Tekno Value mix].mp3" source="original">
    <format>VBR MP3</format>
    <length>170.19</length>
    <mtime>1365481625</mtime>
    <size>2723318</size>
    <md5>17b5fe1a97dcba82926b783d59715575</md5>
    <crc32>7988ae73</crc32>
    <sha1>a83cd643b7bdf3d1caf2bb045661a7c68eb6ba96</sha1>
    <title>CHAIN [TEKNO VALUE MIX]</title>
    <external-identifier>urn:acoustid:75b4eb86-9a37-45cb-9e0c-6caf6b74c45c</external-identifier>
    <external-identifier>urn:mb_recording_id:7a9034e2-645a-4ea9-9420-74077bc2bd5b</external-identifier>
    <height>0</height>
    <width>0</width>
  </file>
  <file name="Air Gear OST II - 03 - Chain [Tekno Value mix].mp3_meta.txt" source="original">
    <format>Metadata</format>
    <mtime>1365481625</mtime>
    <size>1212</size>
    <md5>a431274ea3d877ede816a0fb2bcfe464</md5>
    <crc32>82a0c8da</crc32>
    <sha1>41a6206290550112e057fb6981216629492e7197</sha1>
  </file>
  <file name="Air Gear OST II - 03 - Chain [Tekno Value mix].ogg" source="derivative">
    <format>Ogg Vorbis</format>
    <original>Air Gear OST II - 03 - Chain [Tekno Value mix].mp3</original>
    <mtime>1365486109</mtime>
    <size>1516224</size>
    <md5>3c07b5fd9799bf46aad37f8acca3f965</md5>
    <crc32>d73cf20e</crc32>
    <sha1>22fbed0fe7f7d1200a1cfa81d44d8dc35122d73d</sha1>
    <length>170.19</length>
    <height>0</height>
    <width>0</width>
  </file>
  <file name="Air Gear OST II - 03 - Chain [Tekno Value mix].png" source="derivative">
    <format>PNG</format>
    <original>Air Gear OST II - 03 - Chain [Tekno Value mix].mp3</original>
    <mtime>1415179335</mtime>
    <size>6918</size>
    <md5>53df3abd61d491eac9a7d5e09bb89f73</md5>
    <crc32>c6e146f6</crc32>
    <sha1>4be3777b05e1622ea20964d58d3c74256773e94f</sha1>
  </file>
  <file name="Air Gear OST II - 05 - Chain [magnificentral mix].mp3" source="original">
    <format>VBR MP3</format>
    <length>200.2</length>
    <mtime>1365481650</mtime>
    <size>3203553</size>
    <md5>312bdd3a47ba8726635545522a392711</md5>
    <crc32>4dd747d2</crc32>
    <sha1>1a2904d74428dedccc60530eb807e70aac3c3f0e</sha1>
    <title>CHAIN [MAGNIFICENTRAL MIX]</title>
    <external-identifier>urn:acoustid:44e0a527-dd02-4a2c-806a-7dae78f2f3f8</external-identifier>
    <external-identifier>urn:mb_recording_id:262f33dc-091e-4701-9fd7-8cbe0bafd100</external-identifier>
    <height>0</height>
    <width>0</width>
  </file>
  <file name="Air Gear OST II - 05 - Chain [magnificentral mix].mp3_meta.txt" source="original">
    <format>Metadata</format>
    <mtime>1365481650</mtime>
    <size>1215</size>
    <md5>76275ecf497134475da97b03ae48919f</md5>
    <crc32>fc5bc2ff</crc32>
    <sha1>5c767e80854003d82f37d04735643301256275c3</sha1>
  </file>
  <file name="Air Gear OST II - 05 - Chain [magnificentral mix].ogg" source="derivative">
    <format>Ogg Vorbis</format>
    <original>Air Gear OST II - 05 - Chain [magnificentral mix].mp3</original>
    <mtime>1365486116</mtime>
    <size>1770889</size>
    <md5>e82f5488a7b8f6d29f34ed30d3bf8499</md5>
    <crc32>230f6742</crc32>
    <sha1>2daf32ac3adb8e720e1b7605ae8c50783b217ce8</sha1>
    <length>200.2</length>
    <height>0</height>
    <width>0</width>
  </file>
  <file name="Air Gear OST II - 05 - Chain [magnificentral mix].png" source="derivative">
    <format>PNG</format>
    <original>Air Gear OST II - 05 - Chain [magnificentral mix].mp3</original>
    <mtime>1415179343</mtime>
    <size>7536</size>
    <md5>84b075eb5afdf124cc4f70ce2aad55f9</md5>
    <crc32>d33d432e</crc32>
    <sha1>139bdf9bc24c9776f4362a9e6af358d8fe32795e</sha1>
  </file>
  <file name="Air Gear OST II - 06 - Delusion.mp3" source="original">
    <format>VBR MP3</format>
    <length>54.33</length>
    <mtime>1365481658</mtime>
    <size>869673</size>
    <md5>6bab90b3b39902c48b49333e181962db</md5>
    <crc32>523c6e77</crc32>
    <sha1>cc51a95196876bb8f55da3c0d51ab14b3e152958</sha1>
    <title>DELUSION</title>
    <external-identifier>urn:acoustid:2d8d437c-842b-4950-86ff-c1cf021f7696</external-identifier>
    <external-identifier>urn:mb_recording_id:bad6159b-7727-4906-b0d0-e21b5e23838a</external-identifier>
    <height>0</height>
    <width>0</width>
  </file>
  <file name="Air Gear OST II - 06 - Delusion.mp3_meta.txt" source="original">
    <format>Metadata</format>
    <mtime>1365481658</mtime>
    <size>1195</size>
    <md5>615804ca49f2189240985cf4dd9a3631</md5>
    <crc32>3d2bf982</crc32>
    <sha1>df3e0a6849c6ecb0fcd2917a5102d486a5795a43</sha1>
  </file>
  <file name="Air Gear OST II - 06 - Delusion.ogg" source="derivative">
    <format>Ogg Vorbis</format>
    <original>Air Gear OST II - 06 - Delusion.mp3</original>
    <mtime>1365486118</mtime>
    <size>505107</size>
    <md5>cb1d10cf54909bfb6f86778321dd3a42</md5>
    <crc32>f19d9f54</crc32>
    <sha1>481b3985285d056876e4dd39aaf624ab4fb985f2</sha1>
    <length>54.33</length>
    <height>0</height>
    <width>0</width>
  </file>
  <file name="Air Gear OST II - 06 - Delusion.png" source="derivative">
    <format>PNG</format>
    <original>Air Gear OST II - 06 - Delusion.mp3</original>
    <mtime>1415179318</mtime>
    <size>8601</size>
    <md5>19f20a36cf91b90dfd55b594d35be6e8</md5>
    <crc32>d5465ab8</crc32>
    <sha1>94d394513d5cb8165e6e24ec0ef35b6b87e6de5c</sha1>
  </file>
  <file name="Air Gear OST II - 07 - Chain [Poppy hoppy mix].mp3" source="original">
    <format>VBR MP3</format>
    <length>144.59</length>
    <mtime>1365481665</mtime>
    <size>2313967</size>
    <md5>d2f2210a7cce57ae13dfc82541315c09</md5>
    <crc32>918865c1</crc32>
    <sha1>577ec9723681c069ac543a399f54c28832061e22</sha1>
    <title>CHAIN [POPPY HOPPY MIX]</title>
    <external-identifier>urn:acoustid:72a7b08c-82cf-4632-a081-e9f14f3f95d0</external-identifier>
    <external-identifier>urn:mb_recording_id:c8480f6e-57f2-450c-ac26-208f8aae65bf</external-identifier>
    <height>0</height>
    <width>0</width>
  </file>
  <file name="Air Gear OST II - 07 - Chain [Poppy hoppy mix].mp3_meta.txt" source="original">
    <format>Metadata</format>
    <mtime>1365481665</mtime>
    <size>1212</size>
    <md5>076064fa57aa7c3cb01a4d3f83fb2a79</md5>
    <crc32>7536e00d</crc32>
    <sha1>f49b8a1de8873187f5b5f7ccdf485ffbbef944df</sha1>
  </file>
  <file name="Air Gear OST II - 07 - Chain [Poppy hoppy mix].ogg" source="derivative">
    <format>Ogg Vorbis</format>
    <original>Air Gear OST II - 07 - Chain [Poppy hoppy mix].mp3</original>
    <mtime>1365486123</mtime>
    <size>1493754</size>
    <md5>9f7fc2c686a6eee9530e88927d03d0aa</md5>
    <crc32>b299eaba</crc32>
    <sha1>08d085a216ba3d862e9fba1013fecd863850d3a0</sha1>
    <length>144.59</length>
    <height>0</height>
    <width>0</width>
  </file>
  <file name="Air Gear OST II - 07 - Chain [Poppy hoppy mix].png" source="derivative">
    <format>PNG</format>
    <original>Air Gear OST II - 07 - Chain [Poppy hoppy mix].mp3</original>
    <mtime>1415179350</mtime>
    <size>9369</size>
    <md5>b94ac6089187ca694a3f92f685a632c8</md5>
    <crc32>df98d305</crc32>
    <sha1>1b3391c68fba02a8c170b862fb0d806ba1266caf</sha1>
  </file>
  <file name="Air Gear OST II - 08 - Melo-Pole.mp3" source="original">
    <format>VBR MP3</format>
    <length>111.83</length>
    <mtime>1365481675</mtime>
    <size>1789601</size>
    <md5>02e1dea6775700c8efd017406b574388</md5>
    <crc32>c08aba70</crc32>
    <sha1>513f4305ebf6576181e9ac46ab22906440518630</sha1>
    <title>MELO-POLE</title>
    <external-identifier>urn:acoustid:9a37969c-d6bd-4c94-815d-4c6e263bd75f</external-identifier>
    <external-identifier>urn:mb_recording_id:e48c9ed7-34ac-44aa-ab5a-3d792ac7e8f2</external-identifier>
    <height>0</height>
    <width>0</width>
  </file>
  <file name="Air Gear OST II - 08 - Melo-Pole.mp3_meta.txt" source="original">
    <format>Metadata</format>
    <mtime>1365481676</mtime>
    <size>1198</size>
    <md5>e6c6dc90b176c0f623827c327d7c3ed3</md5>
    <crc32>8d592944</crc32>
    <sha1>e724c93d8abf1bb625aa850096c734898d90b4dd</sha1>
  </file>
  <file name="Air Gear OST II - 08 - Melo-Pole.ogg" source="derivative">
    <format>Ogg Vorbis</format>
    <original>Air Gear OST II - 08 - Melo-Pole.mp3</original>
    <mtime>1365486127</mtime>
    <size>1066847</size>
    <md5>6292c2e1331c40a43d720eeff44353dc</md5>
    <crc32>1e486118</crc32>
    <sha1>8654ac88d6dc13fa33ff583813d949d5cd64c119</sha1>
    <length>111.83</length>
    <height>0</height>
    <width>0</width>
  </file>
  <file name="Air Gear OST II - 08 - Melo-Pole.png" source="derivative">
    <format>PNG</format>
    <original>Air Gear OST II - 08 - Melo-Pole.mp3</original>
    <mtime>1415179433</mtime>
    <size>13747</size>
    <md5>071b73d62a52d1a40808bf97a7c4b979</md5>
    <crc32>60dcc38c</crc32>
    <sha1>85eb319d831a581f5d1ee187145d63719695b5a6</sha1>
  </file>
  <file name="Air Gear OST II - 09 - Chain [Acoustic Cowboy mix].mp3" source="original">
    <format>VBR MP3</format>
    <length>200.15</length>
    <mtime>1365481685</mtime>
    <size>3202717</size>
    <md5>380c814bbd3cbef0286307dac5b43d69</md5>
    <crc32>641b4f7f</crc32>
    <sha1>d218c08789a83ef16c2a5809778095cbc23101c9</sha1>
    <title>CHAIN [ACOUSTIC COWBOY MIX]</title>
    <external-identifier>urn:acoustid:e2178b7d-8c25-4553-bbd0-74f695e09e31</external-identifier>
    <external-identifier>urn:mb_recording_id:537305f0-1d15-458d-ba0e-f2758b15d4da</external-identifier>
    <height>0</height>
    <width>0</width>
  </file>
  <file name="Air Gear OST II - 09 - Chain [Acoustic Cowboy mix].mp3_meta.txt" source="original">
    <format>Metadata</format>
    <mtime>1365481685</mtime>
    <size>1216</size>
    <md5>66c548595bc5992bf307d57171e2d223</md5>
    <crc32>a044e0c9</crc32>
    <sha1>9a199bcc6e208886cf8697df2f5a3508c1ce70c0</sha1>
  </file>
  <file name="Air Gear OST II - 09 - Chain [Acoustic Cowboy mix].ogg" source="derivative">
    <format>Ogg Vorbis</format>
    <original>Air Gear OST II - 09 - Chain [Acoustic Cowboy mix].mp3</original>
    <mtime>1365486134</mtime>
    <size>1761451</size>
    <md5>f5c9d52159633b9b8ca3c1350e3ee207</md5>
    <crc32>ae9e6a6c</crc32>
    <sha1>5e895fc4efca7c34ad61ae079c2d2a493c6662f7</sha1>
    <length>200.15</length>
    <height>0</height>
    <width>0</width>
  </file>
  <file name="Air Gear OST II - 09 - Chain [Acoustic Cowboy mix].png" source="derivative">
    <format>PNG</format>
    <original>Air Gear OST II - 09 - Chain [Acoustic Cowboy mix].mp3</original>
    <mtime>1415179542</mtime>
    <size>9708</size>
    <md5>53b1f969fcfc8c55565f3efc2630fe85</md5>
    <crc32>f9df1b53</crc32>
    <sha1>1f8fe45ae3b1f3c1fb7fe1d21ebaca2161db9201</sha1>
  </file>
  <file name="Air Gear OST II - 10 - Rise Electric.mp3" source="original">
    <format>VBR MP3</format>
    <length>180.64</length>
    <mtime>1365481694</mtime>
    <size>2890501</size>
    <md5>87cf477fd56376cfe8e6272a6a80b040</md5>
    <crc32>c7de70c8</crc32>
    <sha1>6be297e9def92c7a7d1eb676e1659fd6a94e469a</sha1>
    <title>RISE ELECTRIC</title>
    <external-identifier>urn:acoustid:7070ec78-aff6-4ed1-b336-8404dfebb5d9</external-identifier>
    <external-identifier>urn:mb_recording_id:d80ef574-66e4-4e7b-a5b3-d4d4272806a8</external-identifier>
    <height>0</height>
    <width>0</width>
  </file>
  <file name="Air Gear OST II - 10 - Rise Electric.mp3_meta.txt" source="original">
    <format>Metadata</format>
    <mtime>1365481694</mtime>
    <size>1202</size>
    <md5>5e36c4e531dd32ab96fc757765b1e71c</md5>
    <crc32>c33b54cc</crc32>
    <sha1>1b1a169e0f3443b8b12c6ddaed8623937f80ce1d</sha1>
  </file>
  <file name="Air Gear OST II - 10 - Rise Electric.ogg" source="derivative">
    <format>Ogg Vorbis</format>
    <original>Air Gear OST II - 10 - Rise Electric.mp3</original>
    <mtime>1365486140</mtime>
    <size>1558327</size>
    <md5>e58388153d71ae17a53cbd7faf4b4faf</md5>
    <crc32>6a19b9db</crc32>
    <sha1>e92e852b74c2be6d6612ba422475d6fb724337d0</sha1>
    <length>180.64</length>
    <height>0</height>
    <width>0</width>
  </file>
  <file name="Air Gear OST II - 10 - Rise Electric.png" source="derivative">
    <format>PNG</format>
    <original>Air Gear OST II - 10 - Rise Electric.mp3</original>
    <mtime>1415179559</mtime>
    <size>8319</size>
    <md5>80f5e683a317b6b20f952020c9611a1b</md5>
    <crc32>e79417b2</crc32>
    <sha1>9eac254c65e0c64a62d015c00c44c2dd64bc337f</sha1>
  </file>
  <file name="Air Gear OST II - 11 - Chain [Underwater mix].mp3" source="original">
    <format>VBR MP3</format>
    <length>177.95</length>
    <mtime>1365481703</mtime>
    <size>2847700</size>
    <md5>d4ca9bbd28dd322fcb85ac085c8b2ec4</md5>
    <crc32>868f183b</crc32>
    <sha1>e1d9dae5fd0f85c0ab6aa3ea8f5eeed7199fd371</sha1>
    <title>CHAIN [UNDERWATER MIX]</title>
    <external-identifier>urn:acoustid:372694c9-df1b-4ce7-9753-3bd6eb84ce09</external-identifier>
    <external-identifier>urn:mb_recording_id:a0e63bde-dd9a-46b2-813a-7987fa7b93ff</external-identifier>
    <height>0</height>
    <width>0</width>
  </file>
  <file name="Air Gear OST II - 11 - Chain [Underwater mix].mp3_meta.txt" source="original">
    <format>Metadata</format>
    <mtime>1365481704</mtime>
    <size>1211</size>
    <md5>449fc9d5167c13bd7e52b03143a83fd9</md5>
    <crc32>8eab87fc</crc32>
    <sha1>7a83eb30d1cb3830c504c0ca319d81325845bdc6</sha1>
  </file>
  <file name="Air Gear OST II - 11 - Chain [Underwater mix].ogg" source="derivative">
    <format>Ogg Vorbis</format>
    <original>Air Gear OST II - 11 - Chain [Underwater mix].mp3</original>
    <mtime>1365486147</mtime>
    <size>1526974</size>
    <md5>23f730c61f24e9f06a109f0213b6866f</md5>
    <crc32>9378d2c0</crc32>
    <sha1>1509d7a5f0cb99089ac5efed357fe101bc3bcbe5</sha1>
    <length>177.95</length>
    <height>0</height>
    <width>0</width>
  </file>
  <file name="Air Gear OST II - 11 - Chain [Underwater mix].png" source="derivative">
    <format>PNG</format>
    <original>Air Gear OST II - 11 - Chain [Underwater mix].mp3</original>
    <mtime>1415179587</mtime>
    <size>12920</size>
    <md5>d31369604b97468128e6b13f2f5ac3d4</md5>
    <crc32>9919cdbf</crc32>
    <sha1>8324a0dd01f397be04ee5078778a7e61afb7897a</sha1>
  </file>
  <file name="Air Gear OST II - 12 - Sky-2-High [Battle-Mental mix].mp3" source="original">
    <format>VBR MP3</format>
    <length>96.94</length>
    <mtime>1365481709</mtime>
    <size>1551364</size>
    <md5>67ff3731999abb9e359f5e337b5a61c1</md5>
    <crc32>d8e7df8c</crc32>
    <sha1>98b729a0f56a1dd6bd05120a29feba00c57eb3c6</sha1>
    <title>SKY-2-HIGH [BATTLE-MENTAL MIX]</title>
    <external-identifier>urn:acoustid:309ca58f-9086-472f-a0c9-a9eec92d933c</external-identifier>
    <external-identifier>urn:mb_recording_id:d3844c1e-a407-483e-80e0-c67d6a013fa5</external-identifier>
    <height>0</height>
    <width>0</width>
  </file>
  <file name="Air Gear OST II - 12 - Sky-2-High [Battle-Mental mix].mp3_meta.txt" source="original">
    <format>Metadata</format>
    <mtime>1365481709</mtime>
    <size>1219</size>
    <md5>c721e032c26539ad37d1d3c729927580</md5>
    <crc32>df56a690</crc32>
    <sha1>28243198d40aea30751e6172b5089f107ff286a5</sha1>
  </file>
  <file name="Air Gear OST II - 12 - Sky-2-High [Battle-Mental mix].ogg" source="derivative">
    <format>Ogg Vorbis</format>
    <original>Air Gear OST II - 12 - Sky-2-High [Battle-Mental mix].mp3</original>
    <mtime>1365486150</mtime>
    <size>1010143</size>
    <md5>4cfeef86d8afc79d5ec07535817c0301</md5>
    <crc32>5343ee8a</crc32>
    <sha1>74341454a494906d510d8765c1c57e835907a067</sha1>
    <length>96.94</length>
    <height>0</height>
    <width>0</width>
  </file>
  <file name="Air Gear OST II - 12 - Sky-2-High [Battle-Mental mix].png" source="derivative">
    <format>PNG</format>
    <original>Air Gear OST II - 12 - Sky-2-High [Battle-Mental mix].mp3</original>
    <mtime>1415179551</mtime>
    <size>8770</size>
    <md5>392c8f425c226eecd9d8164867e5da5e</md5>
    <crc32>65066aa8</crc32>
    <sha1>d9ccba307960cd78966ed1a012edc281d2548630</sha1>
  </file>
  <file name="Air Gear OST II - 13 - Chain [Follow up 30 mix].mp3" source="original">
    <format>VBR MP3</format>
    <length>31.32</length>
    <mtime>1365481713</mtime>
    <size>501451</size>
    <md5>5422b7421096464f17aa6c8ebc17c0e6</md5>
    <crc32>bf488891</crc32>
    <sha1>562329c47fc1b2c489352c1ed6a8ef61262a84a8</sha1>
    <title>CHAIN [FOLLOW UP 30 MIX]</title>
    <external-identifier>urn:acoustid:8a2a85eb-3d1e-4d4f-b0c0-f90734158d24</external-identifier>
    <external-identifier>urn:mb_recording_id:5024baa0-cbb7-4854-a093-296068e10a0b</external-identifier>
    <height>0</height>
    <width>0</width>
  </file>
  <file name="Air Gear OST II - 13 - Chain [Follow up 30 mix].mp3_meta.txt" source="original">
    <format>Metadata</format>
    <mtime>1365481713</mtime>
    <size>1211</size>
    <md5>1e2efdf9afce00ed3adcc497cd759c7a</md5>
    <crc32>e7dc6fab</crc32>
    <sha1>26086151d3b7be4d858ccc53cd8bbb931b110331</sha1>
  </file>
  <file name="Air Gear OST II - 13 - Chain [Follow up 30 mix].ogg" source="derivative">
    <format>Ogg Vorbis</format>
    <original>Air Gear OST II - 13 - Chain [Follow up 30 mix].mp3</original>
    <mtime>1365486152</mtime>
    <size>313754</size>
    <md5>e2b608439a34eacd9f2d21c9d0bd58e5</md5>
    <crc32>d1c7df9e</crc32>
    <sha1>9628af05b634c3280ac7db55d2fb3865511045a4</sha1>
    <length>31.32</length>
    <height>0</height>
    <width>0</width>
  </file>
  <file name="Air Gear OST II - 13 - Chain [Follow up 30 mix].png" source="derivative">
    <format>PNG</format>
    <original>Air Gear OST II - 13 - Chain [Follow up 30 mix].mp3</original>
    <mtime>1415179522</mtime>
    <size>10166</size>
    <md5>03d06181c41c9dd09d889244270704d5</md5>
    <crc32>2341fd5a</crc32>
    <sha1>88912479640636ba7f27fae1968cc847afb4fbaf</sha1>
  </file>
  <file name="Air Gear OST II - 14 - Chain [Follow up 15 mix].mp3" source="original">
    <format>VBR MP3</format>
    <length>15.8</length>
    <mtime>1365481719</mtime>
    <size>253183</size>
    <md5>9e751863614988993ba28afa6fc3bb1f</md5>
    <crc32>9acad9be</crc32>
    <sha1>17851eff7b9adcccb292e9bba17ed581b5391995</sha1>
    <title>CHAIN [FOLLOW UP 15 MIX]</title>
    <external-identifier>urn:acoustid:9d26d3ca-aa8d-4d61-bb28-c73a2385cf55</external-identifier>
    <external-identifier>urn:mb_recording_id:69fcfca2-08bf-4c14-a12d-90a15b8bffd3</external-identifier>
    <height>0</height>
    <width>0</width>
  </file>
  <file name="Air Gear OST II - 14 - Chain [Follow up 15 mix].mp3_meta.txt" source="original">
    <format>Metadata</format>
    <mtime>1365481719</mtime>
    <size>1185</size>
    <md5>53285855634c95122e9638ab80486d1a</md5>
    <crc32>7d36f462</crc32>
    <sha1>5dd398112acf8750ae9791be0db1eaf1126a9582</sha1>
  </file>
  <file name="Air Gear OST II - 14 - Chain [Follow up 15 mix].ogg" source="derivative">
    <format>Ogg Vorbis</format>
    <original>Air Gear OST II - 14 - Chain [Follow up 15 mix].mp3</original>
    <mtime>1365486152</mtime>
    <size>141717</size>
    <md5>22f8e515e8727101ed90cf64777ddff9</md5>
    <crc32>5cc3b685</crc32>
    <sha1>b71eb247ed6c6661bcde288b09c44802f55afdc9</sha1>
    <length>15.8</length>
    <height>0</height>
    <width>0</width>
  </file>
  <file name="Air Gear OST II - 14 - Chain [Follow up 15 mix].png" source="derivative">
    <format>PNG</format>
    <original>Air Gear OST II - 14 - Chain [Follow up 15 mix].mp3</original>
    <mtime>1415179534</mtime>
    <size>9089</size>
    <md5>b5b9f6e05c7abc8566fd53f3a71d6d88</md5>
    <crc32>354883d3</crc32>
    <sha1>4ad27249bce73c8c06a2b1a15d9252990aafbf6b</sha1>
  </file>
  <file name="Air gear OST II - 04 - Fear 4 Terror.mp3" source="original">
    <format>VBR MP3</format>
    <length>166.45</length>
    <mtime>1365481634</mtime>
    <size>2663797</size>
    <md5>4108d6049e2303f6c034a3386a8b94a6</md5>
    <crc32>9b1324d7</crc32>
    <sha1>b5e1b23e6ee15cecaae59d7aa98776331de704d3</sha1>
    <title>FEAR 4 TERROR</title>
    <external-identifier>urn:acoustid:b9fe2719-a3ae-48a0-a88b-b5c9088f63c2</external-identifier>
    <external-identifier>urn:mb_recording_id:bb9fa509-7c8f-49a6-a5c3-e608e85f9f82</external-identifier>
    <height>0</height>
    <width>0</width>
  </file>
  <file name="Air gear OST II - 04 - Fear 4 Terror.mp3_meta.txt" source="original">
    <format>Metadata</format>
    <mtime>1365481634</mtime>
    <size>1202</size>
    <md5>dac42df53eaf6f24a0bdd9b801aaf7b4</md5>
    <crc32>399c3114</crc32>
    <sha1>9bb6404d3553a95ee4603b143a8bb080508a049d</sha1>
  </file>
  <file name="Air gear OST II - 04 - Fear 4 Terror.ogg" source="derivative">
    <format>Ogg Vorbis</format>
    <original>Air gear OST II - 04 - Fear 4 Terror.mp3</original>
    <mtime>1365486158</mtime>
    <size>1581502</size>
    <md5>8c2414f3315791445cc5405e4275b8ce</md5>
    <crc32>e182218a</crc32>
    <sha1>0c3f89f4b8066cac0d108b41de8ee0293ab804f5</sha1>
    <length>166.45</length>
    <height>0</height>
    <width>0</width>
  </file>
  <file name="Air gear OST II - 04 - Fear 4 Terror.png" source="derivative">
    <format>PNG</format>
    <original>Air gear OST II - 04 - Fear 4 Terror.mp3</original>
    <mtime>1415179527</mtime>
    <size>11384</size>
    <md5>a4e2f5aecbd73b341c42e1ea40e3bf7c</md5>
    <crc32>17a6a721</crc32>
    <sha1>91b89dc2754077661c2adcf1032f1d5122e8eccc</sha1>
  </file>
  <file name="AirGearOST01Chain_archive.torrent" source="metadata">
    <btih>a68d39533144fcb72f50cb67f6c438bae182a3e5</btih>
    <mtime>1613181503</mtime>
    <size>36061</size>
    <md5>080cdbe58b98177aa6a84921f9f7d89b</md5>
    <crc32>44ae7a9d</crc32>
    <sha1>5389f44127f0b5da31ffaefcbad3052abe78b39a</sha1>
    <format>Archive BitTorrent</format>
  </file>
  <file name="AirGearOST01Chain_files.xml" source="original">
    <format>Metadata</format>
    <md5>08f23f5f74700f53718e5805108cecb5</md5>
  </file>
  <file name="AirGearOST01Chain_meta.xml" source="original">
    <format>Metadata</format>
    <mtime>1613181500</mtime>
    <size>788</size>
    <md5>737d732dedc29cf598db8cf69adaf3d1</md5>
    <crc32>108220e2</crc32>
    <sha1>58ffccc44a570ccdb455d3e0f854d9df2190657d</sha1>
  </file>
  <file name="AirGearOST01Chain_reviews.xml" source="original">
    <mtime>1367867837</mtime>
    <size>445</size>
    <md5>e113507408fa13e34ebda52540ad4ac8</md5>
    <crc32>0029a536</crc32>
    <sha1>b8c5f3819c2ae584c08218cec666faea221ee20e</sha1>
    <format>Metadata</format>
  </file>
  <file name="__ia_thumb.jpg" source="original">
    <mtime>1613181501</mtime>
    <size>2656</size>
    <md5>a7d470649cdd7fac41e5da0972031eab</md5>
    <crc32>8940a108</crc32>
    <sha1>eff3aa33473bfea2e74383fcc8d953e5a57402fb</sha1>
    <format>Item Tile</format>
    <rotation>0</rotation>
  </file>
</files>
