<?xml version="1.0" encoding="UTF-8"?>
<metadata>
  <identifier>AirGearOST01Chain</identifier>
  <mediatype>audio</mediatype>
  <collection>opensource_audio</collection>
  <description>anime ost air gear</description>
  <scanner>Internet Archive HTML5 Uploader 1.3</scanner>
  <subject>air gear</subject>
  <title>Air Gear OST 01 Chain</title>
  <subject>anime</subject>
  <subject>ost</subject>
  <publicdate>2013-04-09 04:21:55</publicdate>
  <uploader>momokiro11@gmail.com</uploader>
  <addeddate>2013-04-09 04:21:55</addeddate>
  <creator>chris.kiro</creator>
  <curation>[curator]malware@archive.org[/curator][date]20140323190011[/date][comment]checked for malware[/comment]</curation>
  <backup_location>ia905609_6</backup_location>
  <collection>community</collection>
</metadata>
